MgCl EDTA 21Feb GroupA_X,MgCl EDTA 21Feb GroupA_Y
0.083333,9.83703
0.1,9.83724
0.116667,9.83739
0.133333,9.83743
0.15,9.83763
0.166667,9.83771
0.183333,9.83783
0.2,9.83799
0.216667,9.838
0.233333,9.83794
0.25,9.83808
0.266667,9.83814
0.283333,9.83815
0.3,9.83795
0.316667,9.83771
0.333333,9.83757
0.35,9.83746
0.366667,9.83752
0.383333,9.83753
0.4,9.83754
0.416667,9.83764
0.433333,9.8375
0.45,9.83742
0.466667,9.83738
0.483333,9.83717
0.5,9.83703
0.516667,9.83682
0.533333,9.8365
0.55,9.83659
0.566667,9.83675
0.583333,9.83691
0.6,9.83686
0.616667,9.83672
0.633333,9.8368
0.65,9.837
0.666667,9.83716
0.683333,9.83705
0.7,9.83699
0.716667,9.83646
0.733333,9.83633
0.75,9.83644
0.766667,9.83669
0.783333,9.83626
0.8,9.83462
0.816667,9.83384
0.833333,9.8349
0.85,9.83489
0.866667,9.84041
0.883333,9.86717
0.9,9.87504
0.916667,9.87378
0.933333,9.86811
0.95,9.86094
0.966667,9.85444
0.983333,9.84705
1,9.84585
1.016667,9.84403
1.033333,9.8397
1.05,9.8286
1.066667,9.82134
1.083333,9.82246
1.1,9.82336
1.116667,9.82407
1.133333,9.82347
1.15,9.81825
1.166667,9.81252
1.183333,9.81074
1.2,9.80971
1.216667,9.80886
1.233333,9.80683
1.25,9.80432
1.266667,9.8041
1.283333,9.80671
1.3,9.80846
1.316667,9.80889
1.333333,9.80994
1.35,9.81077
1.366667,9.81125
1.383333,9.81169
1.4,9.81154
1.416667,9.81187
1.433333,9.81425
1.45,9.81603
1.466667,9.81665
1.483333,9.81781
1.5,9.81929
1.516667,9.81962
1.533333,9.81999
1.55,9.82002
1.566667,9.82034
1.583333,9.82089
1.6,9.82118
1.616667,9.82151
1.633333,9.82211
1.65,9.82266
1.666667,9.82292
1.683333,9.82265
1.7,9.82305
1.716667,9.82366
1.733333,9.82431
1.75,9.82473
1.766667,9.82481
1.783333,9.82448
1.8,9.82432
1.816667,9.82417
1.833333,9.8244
1.85,9.82484
1.866667,9.82518
1.883333,9.8252
1.9,9.82519
1.916667,9.82545
1.933333,9.82584
1.95,9.8263
1.966667,9.82689
1.983333,9.8275
2,9.82779
2.016667,9.82794
2.033333,9.82775
2.05,9.8275
2.066667,9.82739
2.083333,9.82751
2.1,9.82759
2.116667,9.82765
2.133333,9.82796
2.15,9.82792
2.166667,9.82779
2.183333,9.82796
2.2,9.82816
2.216667,9.82821
2.233333,9.82841
2.25,9.82851
2.266667,9.8285
2.283333,9.82874
2.3,9.82887
2.316667,9.82864
2.333333,9.82877
2.35,9.82927
2.366667,9.82929
2.383333,9.829
2.4,9.82897
2.416667,9.82909
2.433333,9.8292
2.45,9.82959
2.466667,9.82986
2.483333,9.82969
2.5,9.82951
2.516667,9.82947
2.533333,9.82929
2.55,9.82929
2.566667,9.82937
2.583333,9.82939
2.6,9.82936
2.616667,9.82917
2.633333,9.82926
2.65,9.82945
2.666667,9.8295
2.683333,9.82947
2.7,9.82919
2.716667,9.82906
2.733333,9.82885
2.75,9.82871
2.766667,9.82854
2.783333,9.82867
2.8,9.82834
2.816667,9.8285
2.833333,9.8283
2.85,9.82816
2.866667,9.82814
2.883333,9.82829
2.9,9.82829
2.916667,9.82817
2.933333,9.82831
2.95,9.82852
2.966667,9.82859
2.983333,9.82873
3,9.82875
3.016667,9.8284
3.033333,9.82788
3.05,9.82777
3.066667,9.82801
3.083333,9.82798
3.1,9.8282
3.116667,9.82818
3.133333,9.82821
3.15,9.82797
3.166667,9.82819
3.183333,9.8284
3.2,9.8285
3.216667,9.82889
3.233333,9.82893
3.25,9.82868
3.266667,9.82849
3.283333,9.82797
3.3,9.82771
3.316667,9.8274
3.333333,9.82723
3.35,9.82686
3.366667,9.82676
3.383333,9.82646
3.4,9.82625
3.416667,9.82616
3.433333,9.82621
3.45,9.82641
3.466667,9.82664
3.483333,9.82627
3.5,9.82631
3.516667,9.82707
3.533333,9.82967
3.55,9.83868
3.566667,9.88778
3.583333,9.96997
3.6,10.06492
3.616667,10.13911
3.633333,10.1789
3.65,10.19198
3.666667,10.17871
3.683333,10.15078
3.7,10.11617
3.716667,10.08345
3.733333,10.05135
3.75,10.02448
3.766667,10.00243
3.783333,9.98018
3.8,9.95958
3.816667,9.9425
3.833333,9.92919
3.85,9.914
3.866667,9.89767
3.883333,9.88531
3.9,9.87815
3.916667,9.86801
3.933333,9.86305
3.95,9.8562
3.966667,9.84901
3.983333,9.84427
4,9.83962
4.016667,9.83651
4.033333,9.83389
4.05,9.83089
4.066667,9.82818
4.083333,9.82518
4.1,9.82081
4.116667,9.81934
4.133333,9.81843
4.15,9.81717
4.166667,9.81653
4.183333,9.81599
4.2,9.81556
4.216667,9.81527
4.233333,9.81511
4.25,9.81465
4.266667,9.81401
4.283333,9.81384
4.3,9.8139
4.316667,9.81381
4.333333,9.81365
4.35,9.81353
4.366667,9.81359
4.383333,9.81354
4.4,9.81349
4.416667,9.81352
4.433333,9.81362
4.45,9.8134
4.466667,9.81314
4.483333,9.81322
4.5,9.81327
4.516667,9.81347
4.533333,9.81363
4.55,9.81367
4.566667,9.81368
4.583333,9.81388
4.6,9.81396
4.616667,9.81381
4.633333,9.81389
4.65,9.81399
4.666667,9.81408
4.683333,9.81429
4.7,9.81448
4.716667,9.81486
4.733333,9.81534
4.75,9.81557
4.766667,9.81584
4.783333,9.81575
4.8,9.81614
4.816667,9.81611
4.833333,9.81635
4.85,9.8164
4.866667,9.81644
4.883333,9.81666
4.9,9.81693
4.916667,9.81727
4.933333,9.81761
4.95,9.81747
4.966667,9.8177
4.983333,9.81772
5,9.81771
5.016667,9.81787
5.033333,9.81797
5.05,9.81817
5.066667,9.81847
5.083333,9.81854
5.1,9.81881
5.116667,9.81909
5.133333,9.81915
5.15,9.81903
5.166667,9.81897
5.183333,9.8191
5.2,9.81901
5.216667,9.81888
5.233333,9.81889
5.25,9.81907
5.266667,9.81922
5.283333,9.81932
5.3,9.81931
5.316667,9.81943
5.333333,9.81952
5.35,9.81936
5.366667,9.81929
5.383333,9.81924
5.4,9.81927
5.416667,9.81939
5.433333,9.81938
5.45,9.81947
5.466667,9.81959
5.483333,9.81951
5.5,9.81961
5.516667,9.81967
5.533333,9.81969
5.55,9.81955
5.566667,9.81935
5.583333,9.81914
5.6,9.81939
5.616667,9.8194
5.633333,9.81955
5.65,9.81945
5.666667,9.81919
5.683333,9.81922
5.7,9.81942
5.716667,9.81952
5.733333,9.81967
5.75,9.81982
5.766667,9.81997
5.783333,9.8197
5.8,9.81958
5.816667,9.81958
5.833333,9.81966
5.85,9.81937
5.866667,9.81898
5.883333,9.81867
5.9,9.81864
5.916667,9.81873
5.933333,9.81835
5.95,9.81828
5.966667,9.81822
5.983333,9.81753
6,9.81717
6.016667,9.81803
6.033333,9.82022
6.05,9.83437
6.066667,9.8828
6.083333,9.96858
6.1,10.07342
6.116667,10.15428
6.133333,10.19798
6.15,10.21536
6.166667,10.20868
6.183333,10.18251
6.2,10.1519
6.216667,10.11675
6.233333,10.08722
6.25,10.05717
6.266667,10.03055
6.283333,10.00867
6.3,9.98924
6.316667,9.97061
6.333333,9.95072
6.35,9.94019
6.366667,9.94696
6.383333,9.94728
6.4,9.933
6.416667,9.91698
6.433333,9.90071
6.45,9.88506
6.466667,9.87084
6.483333,9.86544
6.5,9.85749
6.516667,9.85312
6.533333,9.84496
6.55,9.83997
6.566667,9.83636
6.583333,9.83298
6.6,9.82992
6.616667,9.82739
6.633333,9.82524
6.65,9.82329
6.666667,9.82199
6.683333,9.82033
6.7,9.81876
6.716667,9.81782
6.733333,9.81717
6.75,9.81626
6.766667,9.81502
6.783333,9.81386
6.8,9.81296
6.816667,9.8125
6.833333,9.81198
6.85,9.81138
6.866667,9.811
6.883333,9.8105
6.9,9.81017
6.916667,9.81001
6.933333,9.80988
6.95,9.80952
6.966667,9.80924
6.983333,9.80914
7,9.80908
7.016667,9.80871
7.033333,9.80848
7.05,9.80848
7.066667,9.80865
7.083333,9.8087
7.1,9.80878
7.116667,9.80885
7.133333,9.8088
7.15,9.80883
7.166667,9.80904
7.183333,9.80921
7.2,9.80935
7.216667,9.80963
7.233333,9.80985
7.25,9.81006
7.266667,9.81013
7.283333,9.81032
7.3,9.81039
7.316667,9.81054
7.333333,9.81076
7.35,9.81096
7.366667,9.81116
7.383333,9.81143
7.4,9.81159
7.416667,9.81167
7.433333,9.81167
7.45,9.81166
7.466667,9.81178
7.483333,9.81194
7.5,9.81194
7.516667,9.81203
7.533333,9.81192
7.55,9.81192
7.566667,9.81198
7.583333,9.8119
7.6,9.81229
7.616667,9.81276
7.633333,9.81283
7.65,9.81281
7.666667,9.8129
7.683333,9.81288
7.7,9.81272
7.716667,9.81276
7.733333,9.813
7.75,9.81306
7.766667,9.81329
7.783333,9.8138
7.8,9.81381
7.816667,9.81391
7.833333,9.81353
7.85,9.81335
7.866667,9.81342
7.883333,9.81382
7.9,9.81381
7.916667,9.81275
7.933333,9.81682
7.95,9.82721
7.966667,9.83369
7.983333,9.83043
8,9.82736
8.016667,9.82447
8.033333,9.82219
8.05,9.82079
8.066667,9.82008
8.083333,9.81943
8.1,9.81917
8.116667,9.81897
8.133333,9.81868
8.15,9.8179
8.166667,9.81727
8.183333,9.81674
8.2,9.81629
8.216667,9.81616
8.233333,9.81614
8.25,9.81616
8.266667,9.81634
8.283333,9.81638
8.3,9.81634
8.316667,9.81615
8.333333,9.81579
8.35,9.81559
8.366667,9.81552
8.383333,9.81524
8.4,9.81497
8.416667,9.81478
8.433333,9.81468
8.45,9.81447
8.466667,9.81385
8.483333,9.81229
8.5,9.81079
8.516667,9.81272
8.533333,9.81796
8.55,9.82828
8.566667,9.87161
8.583333,9.9449
8.6,10.03467
8.616667,10.10897
8.633333,10.152
8.65,10.17035
8.666667,10.16581
8.683333,10.14455
8.7,10.11989
8.716667,10.09285
8.733333,10.06444
8.75,10.03839
8.766667,10.01548
8.783333,9.99674
8.8,9.97945
8.816667,9.96314
8.833333,9.94548
8.85,9.93052
8.866667,9.91961
8.883333,9.9079
8.9,9.89717
8.916667,9.88604
8.933333,9.8757
8.95,9.86575
8.966667,9.85808
8.983333,9.85321
9,9.84638
9.016667,9.84349
9.033333,9.83872
9.05,9.83566
9.066667,9.83037
9.083333,9.82799
9.1,9.82595
9.116667,9.82337
9.133333,9.82109
9.15,9.81942
9.166667,9.81805
9.183333,9.81708
9.2,9.81591
9.216667,9.81491
9.233333,9.8141
9.25,9.81364
9.266667,9.81265
9.283333,9.81156
9.3,9.81097
9.316667,9.81058
9.333333,9.81021
9.35,9.80997
9.366667,9.80972
9.383333,9.80945
9.4,9.80918
9.416667,9.80894
9.433333,9.80893
9.45,9.80886
9.466667,9.80871
9.483333,9.80848
9.5,9.80823
9.516667,9.80812
9.533333,9.80799
9.55,9.80788
9.566667,9.80789
9.583333,9.80801
9.6,9.80825
9.616667,9.8084
9.633333,9.80831
9.65,9.80816
9.666667,9.80819
9.683333,9.80799
9.7,9.8078
9.716667,9.80796
9.733333,9.80823
9.75,9.80825
9.766667,9.8084
9.783333,9.80877
9.8,9.80931
9.816667,9.80958
9.833333,9.80946
9.85,9.80945
9.866667,9.80953
9.883333,9.80942
9.9,9.80932
9.916667,9.80908
9.933333,9.80906
9.95,9.80908
9.966667,9.80946
9.983333,9.80975
10,9.80974
10.016667,9.80963
10.033333,9.80961
10.05,9.80948
10.066667,9.80943
10.083333,9.80953
10.1,9.80956
10.116667,9.8093
10.133333,9.8092
10.15,9.80919
10.166667,9.80918
10.183333,9.80924
10.2,9.80908
10.216667,9.80906
10.233333,9.80915
10.25,9.80931
10.266667,9.8093
10.283333,9.80929
10.3,9.80909
10.316667,9.80901
10.333333,9.80896
10.35,9.8092
10.366667,9.80945
10.383333,9.80972
10.4,9.80976
10.416667,9.80981
10.433333,9.80983
10.45,9.80991
10.466667,9.80997
10.483333,9.81023
10.5,9.81045
10.516667,9.81077
10.533333,9.81103
10.55,9.81089
10.566667,9.8107
10.583333,9.81094
10.6,9.81127
10.616667,9.8113
10.633333,9.81125
10.65,9.81101
10.666667,9.81067
10.683333,9.8105
10.7,9.81034
10.716667,9.81023
10.733333,9.8099
10.75,9.80979
10.766667,9.80971
10.783333,9.80948
10.8,9.80936
10.816667,9.80924
10.833333,9.80899
10.85,9.80895
10.866667,9.80898
10.883333,9.80865
10.9,9.80834
10.916667,9.80832
10.933333,9.80816
10.95,9.80838
10.966667,9.80873
10.983333,9.80893
11,9.80801
11.016667,9.80999
11.033333,9.8113
11.05,9.81475
11.066667,9.84489
11.083333,9.90493
11.1,9.97475
11.116667,10.04047
11.133333,10.0788
11.15,10.09881
11.166667,10.10137
11.183333,10.0895
11.2,10.06937
11.216667,10.04515
11.233333,10.0241
11.25,10.00854
11.266667,9.98754
11.283333,9.97589
11.3,9.96063
11.316667,9.94439
11.333333,9.93181
11.35,9.91908
11.366667,9.90762
11.383333,9.89798
11.4,9.88804
11.416667,9.87585
11.433333,9.86968
11.45,9.86551
11.466667,9.85396
11.483333,9.84715
11.5,9.84289
11.516667,9.83989
11.533333,9.83657
11.55,9.83243
11.566667,9.82834
11.583333,9.82499
11.6,9.82279
11.616667,9.82074
11.633333,9.81893
11.65,9.81742
11.666667,9.81601
11.683333,9.81482
11.7,9.81397
11.716667,9.81308
11.733333,9.81191
11.75,9.81041
11.766667,9.809
11.783333,9.80808
11.8,9.80736
11.816667,9.80672
11.833333,9.80647
11.85,9.80645
11.866667,9.80556
11.883333,9.80173
11.9,9.81618
11.916667,9.83667
11.933333,9.84526
11.95,9.8411
11.966667,9.83294
11.983333,9.82297
12,9.81899
12.016667,9.8153
12.033333,9.81387
12.05,9.81315
12.066667,9.81154
12.083333,9.81024
12.1,9.80912
12.116667,9.80847
12.133333,9.80763
12.15,9.80742
12.166667,9.80708
12.183333,9.80677
12.2,9.80666
12.216667,9.80632
12.233333,9.80576
12.25,9.80576
12.266667,9.80548
12.283333,9.80528
12.3,9.80524
12.316667,9.80527
12.333333,9.80523
12.35,9.80515
12.366667,9.80535
12.383333,9.80559
12.4,9.80552
12.416667,9.80532
12.433333,9.80504
12.45,9.80506
12.466667,9.80513
12.483333,9.8051
12.5,9.80489
12.516667,9.80469
12.533333,9.80476
12.55,9.80479
12.566667,9.80492
12.583333,9.80466
12.6,9.80473
12.616667,9.80498
12.633333,9.80516
12.65,9.80525
12.666667,9.8052
12.683333,9.80502
12.7,9.80473
12.716667,9.80484
12.733333,9.80504
12.75,9.80532
12.766667,9.80569
12.783333,9.80575
12.8,9.80576
12.816667,9.80573
12.833333,9.80584
12.85,9.80598
12.866667,9.80605
12.883333,9.80596
12.9,9.80591
12.916667,9.80586
12.933333,9.80579
12.95,9.80571
12.966667,9.80563
12.983333,9.80562
13,9.80571
13.016667,9.80572
13.033333,9.80552
13.05,9.80529
13.066667,9.80497
13.083333,9.80457
13.1,9.8043
13.116667,9.80417
13.133333,9.80411
13.15,9.8041
13.166667,9.80391
13.183333,9.80379
13.2,9.80354
13.216667,9.80333
13.233333,9.80304
13.25,9.80278
13.266667,9.80258
13.283333,9.8024
13.3,9.80217
13.316667,9.80188
13.333333,9.8017
13.35,9.80176
13.366667,9.80179
13.383333,9.80189
13.4,9.80184
13.416667,9.80157
13.433333,9.80154
13.45,9.80149
13.466667,9.80192
13.483333,9.80218
13.5,9.80365
13.516667,9.80489
13.533333,9.80577
13.55,9.80658
13.566667,9.81915
13.583333,9.85848
13.6,9.90685
13.616667,9.95761
13.633333,9.99735
13.65,10.01917
13.666667,10.02392
13.683333,10.01979
13.7,10.00878
13.716667,9.99566
13.733333,9.98019
13.75,9.96449
13.766667,9.9523
13.783333,9.93905
13.8,9.92913
13.816667,9.91721
13.833333,9.90595
13.85,9.89304
13.866667,9.88646
13.883333,9.87629
13.9,9.87213
13.916667,9.86197
13.933333,9.85231
13.95,9.84595
13.966667,9.83766
13.983333,9.83582
14,9.83176
14.016667,9.8279
14.033333,9.82443
14.05,9.82084
14.066667,9.81842
14.083333,9.81586
14.1,9.81289
14.116667,9.81008
14.133333,9.80761
14.15,9.80627
14.166667,9.80557
14.183333,9.80444
14.2,9.80383
14.216667,9.80345
14.233333,9.80243
14.25,9.80189
14.266667,9.80127
14.283333,9.80076
14.3,9.80023
14.316667,9.7998
14.333333,9.79963
14.35,9.79931
14.366667,9.79884
14.383333,9.79896
14.4,9.79905
14.416667,9.79921
14.433333,9.79909
14.45,9.79896
14.466667,9.79889
14.483333,9.79892
14.5,9.79874
14.516667,9.7984
14.533333,9.79811
14.55,9.79803
14.566667,9.79827
14.583333,9.79818
14.6,9.79814
14.616667,9.79815
14.633333,9.79806
14.65,9.79785
14.666667,9.7978
14.683333,9.79785
14.7,9.7979
14.716667,9.79779
14.733333,9.79768
14.75,9.7978
14.766667,9.79807
14.783333,9.79802
14.8,9.79801
14.816667,9.79808
14.833333,9.7982
14.85,9.79842
14.866667,9.79852
14.883333,9.79847
14.9,9.79846
14.916667,9.7986
14.933333,9.7987
14.95,9.79896
14.966667,9.79909
14.983333,9.79905
15,9.79907
15.016667,9.79911
15.033333,9.79892
15.05,9.79887
15.066667,9.79869
15.083333,9.79852
15.1,9.7988
15.116667,9.79874
15.133333,9.7986
15.15,9.7985
15.166667,9.79871
15.183333,9.79865
15.2,9.79871
15.216667,9.79895
15.233333,9.79894
15.25,9.79905
15.266667,9.79898
15.283333,9.79897
15.3,9.79907
15.316667,9.79918
15.333333,9.79939
15.35,9.79948
15.366667,9.79961
15.383333,9.79963
15.4,9.79943
15.416667,9.79925
15.433333,9.79933
15.45,9.79955
15.466667,9.79963
15.483333,9.79954
15.5,9.79953
15.516667,9.79959
15.533333,9.79953
15.55,9.79956
15.566667,9.79951
15.583333,9.79937
15.6,9.79958
15.616667,9.7996
15.633333,9.79962
15.65,9.79963
15.666667,9.79946
15.683333,9.79939
15.7,9.7993
15.716667,9.7993
15.733333,9.79945
15.75,9.79934
15.766667,9.79909
15.783333,9.79888
15.8,9.7989
15.816667,9.79888
15.833333,9.79885
15.85,9.79864
15.866667,9.79844
15.883333,9.79834
15.9,9.79808
15.916667,9.798
15.933333,9.79791
15.95,9.79765
15.966667,9.7979
15.983333,9.79819
16,9.79744
16.016667,9.79647
16.033333,9.79766
16.05,9.79804
16.066667,9.79906
16.083333,9.81592
16.1,9.85245
16.116667,9.89827
16.133333,9.93032
16.15,9.95018
16.166667,9.96078
16.183333,9.96371
16.2,9.95812
16.216667,9.94716
16.233333,9.93569
16.25,9.92715
16.266667,9.91738
16.283333,9.90787
16.3,9.90026
16.316667,9.89171
16.333333,9.88262
16.35,9.87495
16.366667,9.85983
16.383333,9.85431
16.4,9.84942
16.416667,9.84435
16.433333,9.84005
16.45,9.83112
16.466667,9.82588
16.483333,9.82228
16.5,9.82108
16.516667,9.81872
16.533333,9.81689
16.55,9.81353
16.566667,9.80985
16.583333,9.80814
16.6,9.8069
16.616667,9.8051
16.633333,9.8037
16.65,9.80198
16.666667,9.80093
16.683333,9.80043
16.7,9.79999
16.716667,9.79921
16.733333,9.79882
16.75,9.79867
16.766667,9.79816
16.783333,9.79744
16.8,9.79666
16.816667,9.79629
16.833333,9.79592
16.85,9.79559
16.866667,9.79549
16.883333,9.79537
16.9,9.79518
16.916667,9.79484
16.933333,9.795
16.95,9.79528
16.966667,9.79513
16.983333,9.795
17,9.79481
17.016667,9.79492
17.033333,9.79479
17.05,9.79465
17.066667,9.79459
17.083333,9.79453
17.1,9.79481
17.116667,9.79507
17.133333,9.79477
17.15,9.79433
17.166667,9.7942
17.183333,9.79405
17.2,9.79376
17.216667,9.79364
17.233333,9.79381
17.25,9.79351
17.266667,9.79353
17.283333,9.79353
17.3,9.79336
17.316667,9.79323
17.333333,9.79316
17.35,9.79327
17.366667,9.79331
17.383333,9.79328
17.4,9.79316
17.416667,9.79304
17.433333,9.79311
17.45,9.79346
17.466667,9.79383
17.483333,9.79414
17.5,9.7943
17.516667,9.79436
17.533333,9.79446
17.55,9.79441
17.566667,9.7942
17.583333,9.7943
17.6,9.79454
17.616667,9.7947
17.633333,9.79508
17.65,9.79503
17.666667,9.79509
17.683333,9.79519
17.7,9.79483
17.716667,9.79439
17.733333,9.79381
17.75,9.79485
17.766667,9.79605
17.783333,9.79519
17.8,9.81702
17.816667,9.83596
17.833333,9.83842
17.85,9.83355
17.866667,9.82409
17.883333,9.81721
17.9,9.81466
17.916667,9.80994
17.933333,9.80732
17.95,9.80593
17.966667,9.8048
17.983333,9.80373
18,9.80246
18.016667,9.80146
18.033333,9.80088
18.05,9.8
18.066667,9.79908
18.083333,9.79864
18.1,9.79814
18.116667,9.79768
18.133333,9.79727
18.15,9.7969
18.166667,9.79647
18.183333,9.79615
18.2,9.7957
18.216667,9.79536
18.233333,9.79508
18.25,9.79486
18.266667,9.79483
18.283333,9.79464
18.3,9.7945
18.316667,9.79448
18.333333,9.79417
18.35,9.79389
18.366667,9.7938
18.383333,9.7937
18.4,9.79368
18.416667,9.7934
18.433333,9.79304
18.45,9.793
18.466667,9.7931
18.483333,9.79306
18.5,9.79334
18.516667,9.79441
18.533333,9.79495
18.55,9.78935
18.566667,9.78494
18.583333,9.79853
18.6,9.82216
18.616667,9.85362
18.633333,9.87635
18.65,9.89479
18.666667,9.90776
18.683333,9.9086
18.7,9.90504
18.716667,9.90047
18.733333,9.8965
18.75,9.88775
18.766667,9.88165
18.783333,9.87748
18.8,9.87183
18.816667,9.86471
18.833333,9.85684
18.85,9.85112
18.866667,9.84239
18.883333,9.83627
18.9,9.8315
18.916667,9.82806
18.933333,9.82108
18.95,9.81597
18.966667,9.813
18.983333,9.81023
19,9.80713
19.016667,9.80444
19.033333,9.80217
19.05,9.80098
19.066667,9.79967
19.083333,9.79843
19.1,9.79758
19.116667,9.79671
19.133333,9.79521
19.15,9.79402
19.166667,9.7934
19.183333,9.79279
19.2,9.79248
19.216667,9.79225
19.233333,9.79172
19.25,9.79124
19.266667,9.79078
19.283333,9.79054
19.3,9.79006
19.316667,9.78977
19.333333,9.7896
19.35,9.78937
19.366667,9.78888
19.383333,9.78838
19.4,9.78828
19.416667,9.78837
19.433333,9.78839
19.45,9.78839
19.466667,9.7883
19.483333,9.78839
19.5,9.7884
19.516667,9.78801
19.533333,9.78812
19.55,9.78813
19.566667,9.7882
19.583333,9.78833
19.6,9.78825
19.616667,9.7883
19.633333,9.78832
19.65,9.78853
19.666667,9.78864
19.683333,9.7886
19.7,9.78849
19.716667,9.78841
19.733333,9.78841
19.75,9.78851
19.766667,9.78842
19.783333,9.78831
19.8,9.78815
19.816667,9.78807
19.833333,9.78805
19.85,9.78799
19.866667,9.78785
19.883333,9.7881
19.9,9.7884
19.916667,9.78829
19.933333,9.78823
19.95,9.78808
19.966667,9.78796
19.983333,9.78793
20,9.78787
20.016667,9.788
20.033333,9.78799
20.05,9.78784
20.066667,9.78793
20.083333,9.78792
20.1,9.78807
20.116667,9.78814
20.133333,9.78816
20.15,9.78836
20.166667,9.78846
20.183333,9.78836
20.2,9.78835
20.216667,9.78835
20.233333,9.78842
20.25,9.78874
20.266667,9.78881
20.283333,9.78888
20.3,9.78909
20.316667,9.78919
20.333333,9.78921
20.35,9.78941
20.366667,9.78947
20.383333,9.78952
20.4,9.78959
20.416667,9.78971
20.433333,9.78973
20.45,9.78978
20.466667,9.78974
20.483333,9.7894
20.5,9.78908
20.516667,9.78904
20.533333,9.78906
20.55,9.78927
20.566667,9.78937
20.583333,9.78927
20.6,9.78925
20.616667,9.78933
20.633333,9.78948
20.65,9.78952
20.666667,9.78948
20.683333,9.78935
20.7,9.78927
20.716667,9.78909
20.733333,9.78909
20.75,9.78888
20.766667,9.78893
20.783333,9.78897
20.8,9.78905
20.816667,9.78919
20.833333,9.78945
20.85,9.78951
20.866667,9.78943
20.883333,9.78919
20.9,9.78895
20.916667,9.78885
20.933333,9.78906
20.95,9.78905
20.966667,9.78956
20.983333,9.78953
21,9.78984
21.016667,9.78992
21.033333,9.79136
21.05,9.78686
21.066667,9.77413
21.083333,9.77314
21.1,9.78693
21.116667,9.81048
21.133333,9.83373
21.15,9.85173
21.166667,9.86662
21.183333,9.86946
21.2,9.86807
21.216667,9.8667
21.233333,9.86203
21.25,9.85926
21.266667,9.85542
21.283333,9.85167
21.3,9.84865
21.316667,9.84129
21.333333,9.83551
21.35,9.83365
21.366667,9.82932
21.383333,9.82305
21.4,9.81645
21.416667,9.81328
21.433333,9.81003
21.45,9.80757
21.466667,9.8052
21.483333,9.80296
21.5,9.80084
21.516667,9.79911
21.533333,9.79792
21.55,9.79647
21.566667,9.79521
21.583333,9.79393
21.6,9.79289
21.616667,9.79145
21.633333,9.79014
21.65,9.78908
21.666667,9.78846
21.683333,9.78779
21.7,9.78695
21.716667,9.78663
21.733333,9.78619
21.75,9.78572
21.766667,9.78513
21.783333,9.78439
21.8,9.7841
21.816667,9.78416
21.833333,9.78412
21.85,9.78429
21.866667,9.78433
21.883333,9.78416
21.9,9.78391
21.916667,9.78383
21.933333,9.78379
21.95,9.78364
21.966667,9.78376
21.983333,9.7838
22,9.78399
22.016667,9.78396
22.033333,9.78394
22.05,9.78408
22.066667,9.78419
22.083333,9.78407
22.1,9.78409
22.116667,9.78416
22.133333,9.78413
22.15,9.78404
22.166667,9.78398
22.183333,9.78415
22.2,9.78419
22.216667,9.78443
22.233333,9.78472
22.25,9.78469
22.266667,9.78468
22.283333,9.78476
22.3,9.78485
22.316667,9.78484
22.333333,9.78477
22.35,9.78486
22.366667,9.78482
22.383333,9.78487
22.4,9.78496
22.416667,9.78504
22.433333,9.78497
22.45,9.78495
22.466667,9.78495
22.483333,9.78501
22.5,9.78496
22.516667,9.78474
22.533333,9.78483
22.55,9.78472
22.566667,9.78459
22.583333,9.7846
22.6,9.78468
22.616667,9.78465
22.633333,9.78466
22.65,9.7848
22.666667,9.78489
22.683333,9.78495
22.7,9.78501
22.716667,9.78501
22.733333,9.78502
22.75,9.785
22.766667,9.78495
22.783333,9.78486
22.8,9.78471
22.816667,9.78452
22.833333,9.7845
22.85,9.78479
22.866667,9.78496
22.883333,9.7851
22.9,9.78508
22.916667,9.78506
22.933333,9.78508
22.95,9.78499
22.966667,9.78493
22.983333,9.78479
23,9.78478
23.016667,9.78478
23.033333,9.78465
23.05,9.78454
23.066667,9.78458
23.083333,9.78485
23.1,9.78493
23.116667,9.78525
23.133333,9.78573
23.15,9.78596
23.166667,9.78557
23.183333,9.78549
23.2,9.78553
23.216667,9.78509
23.233333,9.78502
23.25,9.78515
23.266667,9.78528
23.283333,9.78572
23.3,9.78538
23.316667,9.78524
23.333333,9.78537
23.35,9.78538
23.366667,9.78519
23.383333,9.78523
23.4,9.78524
23.416667,9.78473
23.433333,9.78507
23.45,9.78535
23.466667,9.78522
23.483333,9.78509
23.5,9.78518
23.516667,9.78664
23.533333,9.78876
23.55,9.78072
23.566667,9.76688
23.583333,9.7652
23.6,9.77047
23.616667,9.78497
23.633333,9.80024
23.65,9.81427
23.666667,9.82848
23.683333,9.83408
23.7,9.83671
23.716667,9.83628
23.733333,9.83571
23.75,9.83387
23.766667,9.83092
23.783333,9.82733
23.8,9.82403
23.816667,9.82059
23.833333,9.8171
23.85,9.81133
23.866667,9.80825
23.883333,9.80542
23.9,9.80308
23.916667,9.80035
23.933333,9.79781
23.95,9.79556
23.966667,9.7923
23.983333,9.79167
24,9.8134
24.016667,9.82609
24.033333,9.82825
24.05,9.8247
24.066667,9.81578
24.083333,9.80722
24.1,9.79816
24.116667,9.79525
24.133333,9.79496
24.15,9.79297
24.166667,9.79178
24.183333,9.79091
24.2,9.78955
24.216667,9.78861
24.233333,9.78757
24.25,9.78664
24.266667,9.78555
24.283333,9.78479
24.3,9.78411
24.316667,9.78367
24.333333,9.78301
24.35,9.78249
24.366667,9.78193
24.383333,9.78112
24.4,9.78064
24.416667,9.78048
24.433333,9.78009
24.45,9.77993
24.466667,9.77982
24.483333,9.77965
24.5,9.77935
24.516667,9.77928
24.533333,9.77915
24.55,9.7789
24.566667,9.77895
24.583333,9.77889
24.6,9.77889
24.616667,9.77906
24.633333,9.77906
24.65,9.77887
24.666667,9.77888
24.683333,9.77897
24.7,9.77886
24.716667,9.77872
24.733333,9.77891
24.75,9.77907
24.766667,9.77924
24.783333,9.77929
24.8,9.77957
24.816667,9.77966
24.833333,9.77985
24.85,9.78018
24.866667,9.78033
24.883333,9.78058
24.9,9.78072
24.916667,9.78071
24.933333,9.7805
24.95,9.78042
24.966667,9.78074
24.983333,9.78085
25,9.7809
25.016667,9.78099
25.033333,9.7811
25.05,9.78123
25.066667,9.78121
25.083333,9.78126
25.1,9.78131
25.116667,9.78145
25.133333,9.78159
25.15,9.78151
25.166667,9.78135
25.183333,9.78129
25.2,9.78123
25.216667,9.78121
25.233333,9.78137
25.25,9.78145
25.266667,9.7816
25.283333,9.78174
25.3,9.78181
25.316667,9.78161
25.333333,9.78143
25.35,9.78128
25.366667,9.78127
25.383333,9.78138
25.4,9.78152
25.416667,9.78141
25.433333,9.7812
25.45,9.78131
25.466667,9.78125
25.483333,9.78103
25.5,9.78103
25.516667,9.78089
25.533333,9.78075
25.55,9.78059
25.566667,9.78048
25.583333,9.7803
25.6,9.78014
25.616667,9.78036
25.633333,9.78039
25.65,9.78064
25.666667,9.78068
25.683333,9.78056
25.7,9.78061
25.716667,9.78032
25.733333,9.78022
25.75,9.78044
25.766667,9.78064
25.783333,9.78055
25.8,9.78047
25.816667,9.78042
25.833333,9.78041
25.85,9.78038
25.866667,9.78033
25.883333,9.78051
25.9,9.78029
25.916667,9.78024
25.933333,9.78046
25.95,9.78036
25.966667,9.77986
25.983333,9.77949
26,9.77919
26.016667,9.78023
26.033333,9.78297
26.05,9.77993
26.066667,9.7643
26.083333,9.7531
26.1,9.74945
26.116667,9.75565
26.133333,9.76972
26.15,9.7844
26.166667,9.79444
26.183333,9.79911
26.2,9.80621
26.216667,9.8081
26.233333,9.80849
26.25,9.80815
26.266667,9.80692
26.283333,9.80511
26.3,9.80343
26.316667,9.80221
26.333333,9.80076
26.35,9.79854
26.366667,9.79671
26.383333,9.79487
26.4,9.79244
26.416667,9.79013
26.433333,9.78796
26.45,9.78652
26.466667,9.7851
26.483333,9.78448
26.5,9.78381
26.516667,9.78325
26.533333,9.78255
26.55,9.78204
26.566667,9.78152
26.583333,9.78113
26.6,9.78058
26.616667,9.78019
26.633333,9.78
26.65,9.77976
26.666667,9.77956
26.683333,9.77921
26.7,9.7788
26.716667,9.7785
26.733333,9.77837
26.75,9.7781
26.766667,9.77797
26.783333,9.77794
26.8,9.77786
26.816667,9.77797
26.833333,9.77775
26.85,9.77754
26.866667,9.7775
26.883333,9.77741
26.9,9.77745
26.916667,9.77742
26.933333,9.7773
26.95,9.77733
26.966667,9.7772
26.983333,9.77727
27,9.77737
27.016667,9.77722
27.033333,9.77715
27.05,9.77714
27.066667,9.77707
27.083333,9.77693
27.1,9.77688
27.116667,9.77709
27.133333,9.77736
27.15,9.77746
27.166667,9.77756
27.183333,9.7775
27.2,9.77755
27.216667,9.77751
27.233333,9.77727
27.25,9.77705
27.266667,9.77682
27.283333,9.77676
27.3,9.77656
27.316667,9.77634
27.333333,9.77633
27.35,9.77651
27.366667,9.77668
27.383333,9.77685
27.4,9.77688
27.416667,9.77692
27.433333,9.77685
27.45,9.77656
27.466667,9.77621
27.483333,9.77606
27.5,9.77634
27.516667,9.77663
27.533333,9.77681
27.55,9.77686
27.566667,9.7769
27.583333,9.77707
27.6,9.77731
27.616667,9.77753
27.633333,9.77738
27.65,9.77718
27.666667,9.77678
27.683333,9.7767
27.7,9.77668
27.716667,9.7766
27.733333,9.77667
27.75,9.77667
27.766667,9.7768
27.783333,9.77667
27.8,9.7765
27.816667,9.7764
27.833333,9.77615
27.85,9.7761
27.866667,9.77616
27.883333,9.77612
27.9,9.77621
27.916667,9.77632
27.933333,9.77633
27.95,9.77629
27.966667,9.77636
27.983333,9.77661
28,9.7768
28.016667,9.77686
28.033333,9.77685
28.05,9.77693
28.066667,9.77703
28.083333,9.77726
28.1,9.77729
28.116667,9.77727
28.133333,9.77719
28.15,9.77708
28.166667,9.77685
28.183333,9.77679
28.2,9.77688
28.216667,9.77692
28.233333,9.77702
28.25,9.77715
28.266667,9.77714
28.283333,9.77727
28.3,9.77731
28.316667,9.77734
28.333333,9.77697
28.35,9.7766
28.366667,9.77713
28.383333,9.77748
28.4,9.77755
28.416667,9.77787
28.433333,9.7787
28.45,9.77897
28.466667,9.77911
28.483333,9.7797
28.5,9.77965
28.516667,9.77874
28.533333,9.78099
28.55,9.77434
28.566667,9.75312
28.583333,9.74165
28.6,9.73754
28.616667,9.73998
28.633333,9.75152
28.65,9.76567
28.666667,9.7739
28.683333,9.78257
28.7,9.78853
28.716667,9.78808
28.733333,9.78873
28.75,9.7892
28.766667,9.78901
28.783333,9.78805
28.8,9.78675
28.816667,9.78538
28.833333,9.78483
28.85,9.7842
28.866667,9.78309
28.883333,9.78229
28.9,9.78113
28.916667,9.78022
28.933333,9.77959
28.95,9.77839
28.966667,9.77768
28.983333,9.77715
29,9.7764
29.016667,9.77567
29.033333,9.7752
29.05,9.77486
29.066667,9.77453
29.083333,9.77426
29.1,9.77443
29.116667,9.77421
29.133333,9.77388
29.15,9.77344
29.166667,9.77311
29.183333,9.77291
29.2,9.77278
29.216667,9.77271
29.233333,9.77254
29.25,9.77233
29.266667,9.77228
29.283333,9.7724
29.3,9.77241
29.316667,9.77278
29.333333,9.77293
29.35,9.77305
29.366667,9.77286
29.383333,9.77266
29.4,9.77253
29.416667,9.77232
29.433333,9.77252
29.45,9.77271
29.466667,9.77292
29.483333,9.77319
29.5,9.7734
29.516667,9.77369
29.533333,9.7739
29.55,9.77404
29.566667,9.77443
29.583333,9.77459
29.6,9.77457
29.616667,9.77463
29.633333,9.77468
29.65,9.77476
29.666667,9.77492
29.683333,9.77509
29.7,9.77528
29.716667,9.77546
29.733333,9.77572
29.75,9.77594
29.766667,9.7763
29.783333,9.77634
29.8,9.77622
29.816667,9.77634
29.833333,9.77655
29.85,9.77644
29.866667,9.7764
29.883333,9.77664
29.9,9.77664
29.916667,9.77658
29.933333,9.7766
29.95,9.77678
29.966667,9.77639
29.983333,9.77631
30,9.77664
30.016667,9.77694
30.033333,9.77705
30.05,9.77703
30.066667,9.77676
30.083333,9.77691
30.1,9.7771
30.116667,9.77695
30.133333,9.77699
30.15,9.77682
30.166667,9.77649
30.183333,9.77689
30.2,9.7774
30.216667,9.77682
30.233333,9.77616
30.25,9.77545
30.266667,9.77327
30.283333,9.77232
30.3,9.80209
30.316667,9.81495
30.333333,9.81544
30.35,9.80677
30.366667,9.79881
30.383333,9.79467
30.4,9.78846
30.416667,9.78283
30.433333,9.78068
30.45,9.78022
30.466667,9.77912
30.483333,9.77883
30.5,9.77825
30.516667,9.77778
30.533333,9.77774
30.55,9.77746
30.566667,9.77709
30.583333,9.77676
30.6,9.77636
30.616667,9.77594
30.633333,9.77552
30.65,9.77531
30.666667,9.77507
30.683333,9.77507
30.7,9.77479
30.716667,9.77443
30.733333,9.77423
30.75,9.77419
30.766667,9.77425
30.783333,9.77426
30.8,9.77412
30.816667,9.77387
30.833333,9.77365
30.85,9.77372
30.866667,9.77348
30.883333,9.77337
30.9,9.77354
30.916667,9.77352
30.933333,9.77363
30.95,9.77378
30.966667,9.77399
30.983333,9.77376
31,9.77335
31.016667,9.77289
31.033333,9.77325
31.05,9.76593
31.066667,9.74572
31.083333,9.73257
31.1,9.72622
31.116667,9.72378
31.133333,9.73008
31.15,9.74644
31.166667,9.75844
31.183333,9.7686
31.2,9.77321
31.216667,9.77587
31.233333,9.77755
31.25,9.77803
31.266667,9.77796
31.283333,9.77783
31.3,9.77749
31.316667,9.7766
31.333333,9.776
31.35,9.77581
31.366667,9.77567
31.383333,9.77504
31.4,9.77434
31.416667,9.77351
31.433333,9.77281
31.45,9.77254
31.466667,9.77246
31.483333,9.7722
31.5,9.77183
31.516667,9.77131
31.533333,9.77092
31.55,9.7709
31.566667,9.77097
31.583333,9.77091
31.6,9.77094
31.616667,9.77084
31.633333,9.77109
31.65,9.77145
31.666667,9.77162
31.683333,9.77132
31.7,9.77123
31.716667,9.7707
31.733333,9.77058
31.75,9.77074
31.766667,9.77081
31.783333,9.77082
31.8,9.77083
31.816667,9.77104
31.833333,9.77126
31.85,9.77141
31.866667,9.77144
31.883333,9.77132
31.9,9.77121
31.916667,9.7714
31.933333,9.77164
31.95,9.77197
31.966667,9.77201
31.983333,9.77206
32,9.77208
32.016667,9.77212
32.033333,9.77224
32.05,9.7723
32.066667,9.77228
32.083333,9.77251
32.1,9.77259
32.116667,9.77257
32.133333,9.77252
32.15,9.77256
32.166667,9.77258
32.183333,9.77249
32.2,9.77245
32.216667,9.77238
32.233333,9.77242
32.25,9.77237
32.266667,9.77217
32.283333,9.77202
32.3,9.77217
32.316667,9.77218
32.333333,9.77222
32.35,9.7723
32.366667,9.77221
32.383333,9.77233
32.4,9.77251
32.416667,9.77243
32.433333,9.77256
32.45,9.77274
32.466667,9.77284
32.483333,9.77268
32.5,9.77265
32.516667,9.77263
32.533333,9.77291
32.55,9.77288
32.566667,9.77295
32.583333,9.77321
32.6,9.77337
32.616667,9.77328
32.633333,9.77344
32.65,9.77329
32.666667,9.77321
32.683333,9.7734
32.7,9.77328
32.716667,9.77302
32.733333,9.77301
32.75,9.77295
32.766667,9.77283
32.783333,9.7727
32.8,9.77265
32.816667,9.77279
32.833333,9.77292
32.85,9.77307
32.866667,9.77309
32.883333,9.77293
32.9,9.77295
32.916667,9.77324
32.933333,9.77332
32.95,9.77341
32.966667,9.77358
32.983333,9.77369
33,9.77393
33.016667,9.77425
33.033333,9.77437
33.05,9.77448
33.066667,9.77463
33.083333,9.77452
33.1,9.77426
33.116667,9.77393
33.133333,9.77397
33.15,9.77413
33.166667,9.77416
33.183333,9.77397
33.2,9.7739
33.216667,9.77391
33.233333,9.77348
33.25,9.77317
33.266667,9.77293
33.283333,9.7729
33.3,9.77297
33.316667,9.77284
33.333333,9.77277
33.35,9.77289
33.366667,9.77296
33.383333,9.77294
33.4,9.77326
33.416667,9.77323
33.433333,9.77307
33.45,9.77326
33.466667,9.7733
33.483333,9.77334
33.5,9.77409
33.516667,9.77492
33.533333,9.77259
33.55,9.77199
33.566667,9.75747
33.583333,9.73453
33.6,9.71859
33.616667,9.71417
33.633333,9.71811
33.65,9.72573
33.666667,9.73946
33.683333,9.75096
33.7,9.75548
33.716667,9.75919
33.733333,9.76252
33.75,9.76437
33.766667,9.76526
33.783333,9.76558
33.8,9.76574
33.816667,9.7662
33.833333,9.76621
33.85,9.76604
33.866667,9.76621
33.883333,9.76674
33.9,9.76714
33.916667,9.76714
33.933333,9.76705
33.95,9.76684
33.966667,9.76686
33.983333,9.76695
34,9.76707
34.016667,9.76724
34.033333,9.76735
34.05,9.76746
34.066667,9.76768
34.083333,9.76773
34.1,9.76783
34.116667,9.76792
34.133333,9.76811
34.15,9.76847
34.166667,9.76871
34.183333,9.76889
34.2,9.76901
34.216667,9.76904
34.233333,9.76914
34.25,9.7696
34.266667,9.76995
34.283333,9.77019
34.3,9.77032
34.316667,9.77037
34.333333,9.77045
34.35,9.77059
34.366667,9.77071
34.383333,9.77072
34.4,9.77086
34.416667,9.7708
34.433333,9.77073
34.45,9.77093
34.466667,9.77068
34.483333,9.77068
34.5,9.77073
34.516667,9.77088
34.533333,9.77102
34.55,9.77121
34.566667,9.77134
34.583333,9.77103
34.6,9.77091
34.616667,9.771
34.633333,9.77093
34.65,9.77083
34.666667,9.77086
34.683333,9.77096
34.7,9.7711
34.716667,9.77119
34.733333,9.77117
34.75,9.77123
34.766667,9.77115
34.783333,9.77122
34.8,9.77117
34.816667,9.77115
34.833333,9.77111
34.85,9.77102
34.866667,9.77092
34.883333,9.77077
34.9,9.77059
34.916667,9.7706
34.933333,9.77083
34.95,9.77092
34.966667,9.77096
34.983333,9.77093
35,9.77092
35.016667,9.77092
35.033333,9.77088
35.05,9.77079
35.066667,9.77078
35.083333,9.77079
35.1,9.77109
35.116667,9.77122
35.133333,9.77113
35.15,9.77114
35.166667,9.77119
35.183333,9.77129
35.2,9.77142
35.216667,9.77159
35.233333,9.77152
35.25,9.77142
35.266667,9.77136
35.283333,9.77156
35.3,9.77174
35.316667,9.7721
35.333333,9.77218
35.35,9.77214
35.366667,9.77214
35.383333,9.7724
35.4,9.77239
35.416667,9.77233
35.433333,9.77252
35.45,9.77242
35.466667,9.77238
35.483333,9.77246
35.5,9.77247
35.516667,9.77268
35.533333,9.77287
35.55,9.77305
35.566667,9.77323
35.583333,9.77339
35.6,9.77333
35.616667,9.77318
35.633333,9.77312
35.65,9.7729
35.666667,9.773
35.683333,9.77301
35.7,9.77294
35.716667,9.77303
35.733333,9.7731
35.75,9.77318
35.766667,9.77322
35.783333,9.77315
35.8,9.77303
35.816667,9.77282
35.833333,9.7726
35.85,9.7724
35.866667,9.77213
35.883333,9.77184
35.9,9.77183
35.916667,9.77178
35.933333,9.7715
35.95,9.77153
35.966667,9.77115
35.983333,9.77068
36,9.77033
36.016667,9.77006
36.033333,9.77094
36.05,9.76766
36.066667,9.74692
36.083333,9.7285
36.1,9.71195
36.116667,9.69989
36.133333,9.70631
36.15,9.71589
36.166667,9.72618
36.183333,9.73508
36.2,9.74163
36.216667,9.7485
36.233333,9.75354
36.25,9.75842
36.266667,9.75989
36.283333,9.75961
36.3,9.76035
36.316667,9.76075
36.333333,9.76116
36.35,9.76131
36.366667,9.76234
36.383333,9.76225
36.4,9.76182
36.416667,9.77275
36.433333,9.7974
36.45,9.8027
36.466667,9.80095
36.483333,9.79305
36.5,9.78546
36.516667,9.78215
36.533333,9.77981
36.55,9.77681
36.566667,9.77444
36.583333,9.77241
36.6,9.77129
36.616667,9.77073
36.633333,9.7704
36.65,9.77003
36.666667,9.76962
36.683333,9.76922
36.7,9.76864
36.716667,9.76794
36.733333,9.76741
36.75,9.76705
36.766667,9.76678
36.783333,9.76663
36.8,9.76664
36.816667,9.76675
36.833333,9.76672
36.85,9.76664
36.866667,9.7664
36.883333,9.76612
36.9,9.76589
36.916667,9.76584
36.933333,9.76569
36.95,9.76564
36.966667,9.76579
36.983333,9.76581
37,9.7658
37.016667,9.76595
37.033333,9.76591
37.05,9.76594
37.066667,9.76595
37.083333,9.76597
37.1,9.76602
37.116667,9.76609
37.133333,9.76605
37.15,9.76599
37.166667,9.76607
37.183333,9.76593
37.2,9.76606
37.216667,9.7663
37.233333,9.7665
37.25,9.76653
37.266667,9.76664
37.283333,9.7667
37.3,9.76674
37.316667,9.76681
37.333333,9.76683
37.35,9.7668
37.366667,9.76705
37.383333,9.76734
37.4,9.76771
37.416667,9.76791
37.433333,9.76811
37.45,9.76825
37.466667,9.76843
37.483333,9.76845
37.5,9.7687
37.516667,9.76897
37.533333,9.76905
37.55,9.76873
37.566667,9.76869
37.583333,9.7689
37.6,9.76882
37.616667,9.76878
37.633333,9.76867
37.65,9.76866
37.666667,9.76874
37.683333,9.76847
37.7,9.76803
37.716667,9.7678
37.733333,9.76788
37.75,9.76775
37.766667,9.76778
37.783333,9.76788
37.8,9.76799
37.816667,9.76798
37.833333,9.76798
37.85,9.76809
37.866667,9.76814
37.883333,9.76819
37.9,9.76817
37.916667,9.76821
37.933333,9.76845
37.95,9.76855
37.966667,9.76854
37.983333,9.7686
38,9.76863
38.016667,9.76866
38.033333,9.7687
38.05,9.76871
38.066667,9.76885
38.083333,9.76904
38.1,9.7691
38.116667,9.76916
38.133333,9.76942
38.15,9.76948
38.166667,9.76965
38.183333,9.76979
38.2,9.76996
38.216667,9.77016
38.233333,9.77
38.25,9.76977
38.266667,9.76987
38.283333,9.77007
38.3,9.76994
38.316667,9.7697
38.333333,9.76961
38.35,9.76963
38.366667,9.76953
38.383333,9.76936
38.4,9.76932
38.416667,9.769
38.433333,9.76903
38.45,9.76874
38.466667,9.76853
38.483333,9.76821
38.5,9.76863
38.516667,9.76876
38.533333,9.76767
38.55,9.76612
38.566667,9.75037
38.583333,9.72758
38.6,9.70476
38.616667,9.69192
38.633333,9.69637
38.65,9.70302
38.666667,9.70876
38.683333,9.7237
38.7,9.73346
38.716667,9.73798
38.733333,9.74215
38.75,9.74856
38.766667,9.75004
38.783333,9.75134
38.8,9.75255
38.816667,9.75332
38.833333,9.75392
38.85,9.75424
38.866667,9.75487
38.883333,9.75553
38.9,9.75604
38.916667,9.75669
38.933333,9.75737
38.95,9.75789
38.966667,9.75843
38.983333,9.75904
39,9.75961
39.016667,9.76005
39.033333,9.76044
39.05,9.76088
39.066667,9.7614
39.083333,9.76174
39.1,9.76195
39.116667,9.7621
39.133333,9.76226
39.15,9.76251
39.166667,9.76267
39.183333,9.76284
39.2,9.76322
39.216667,9.76337
39.233333,9.76341
39.25,9.76342
39.266667,9.76382
39.283333,9.76424
39.3,9.76444
39.316667,9.76474
39.333333,9.76469
39.35,9.7647
39.366667,9.76461
39.383333,9.76463
39.4,9.76476
39.416667,9.76503
39.433333,9.76569
39.45,9.76608
39.466667,9.76614
39.483333,9.76609
39.5,9.766
39.516667,9.76606
39.533333,9.76592
39.55,9.76574
39.566667,9.76592
39.583333,9.76608
39.6,9.76596
39.616667,9.76591
39.633333,9.76598
39.65,9.76611
39.666667,9.76635
39.683333,9.76636
39.7,9.76648
39.716667,9.76674
39.733333,9.76671
39.75,9.76664
39.766667,9.7667
39.783333,9.76662
39.8,9.76666
39.816667,9.76693
39.833333,9.7669
39.85,9.76676
39.866667,9.76664
39.883333,9.76657
39.9,9.76675
39.916667,9.76699
39.933333,9.76699
39.95,9.76695
39.966667,9.76703
39.983333,9.76713
40,9.76727
40.016667,9.76709
40.033333,9.76694
40.05,9.76666
40.066667,9.76631
40.083333,9.76613
40.1,9.76606
40.116667,9.76605
40.133333,9.76595
40.15,9.76588
40.166667,9.76586
40.183333,9.76561
40.2,9.76536
40.216667,9.76545
40.233333,9.76508
40.25,9.76483
40.266667,9.76476
40.283333,9.7648
40.3,9.7647
40.316667,9.76476
40.333333,9.76474
40.35,9.765
40.366667,9.76537
40.383333,9.76559
40.4,9.76571
40.416667,9.7656
40.433333,9.76539
40.45,9.76529
40.466667,9.76525
40.483333,9.76546
40.5,9.7654
40.516667,9.76573
40.533333,9.7659
40.55,9.76579
40.566667,9.76572
40.583333,9.76565
40.6,9.76551
40.616667,9.76534
40.633333,9.76537
40.65,9.76511
40.666667,9.76504
40.683333,9.7649
40.7,9.76482
40.716667,9.76491
40.733333,9.76506
40.75,9.76523
40.766667,9.76517
40.783333,9.76502
40.8,9.76513
40.816667,9.76517
40.833333,9.76519
40.85,9.7653
40.866667,9.76545
40.883333,9.76546
40.9,9.76569
40.916667,9.76578
40.933333,9.76579
40.95,9.76539
40.966667,9.76523
40.983333,9.76567
41,9.76676
41.016667,9.76675
41.033333,9.76683
41.05,9.76314
41.066667,9.74849
41.083333,9.72421
41.1,9.70404
41.116667,9.69038
41.133333,9.6913
41.15,9.69408
41.166667,9.70434
41.183333,9.71632
41.2,9.7273
41.216667,9.73147
41.233333,9.73559
41.25,9.73886
41.266667,9.74188
41.283333,9.74438
41.3,9.74616
41.316667,9.74786
41.333333,9.74905
41.35,9.74995
41.366667,9.75099
41.383333,9.75275
41.4,9.75385
41.416667,9.75416
41.433333,9.75471
41.45,9.75542
41.466667,9.75616
41.483333,9.75674
41.5,9.75713
41.516667,9.75728
41.533333,9.75751
41.55,9.75776
41.566667,9.75791
41.583333,9.758
41.6,9.75824
41.616667,9.75844
41.633333,9.75874
41.65,9.75878
41.666667,9.75884
41.683333,9.75918
41.7,9.75956
41.716667,9.75973
41.733333,9.76004
41.75,9.76026
41.766667,9.76055
41.783333,9.76073
41.8,9.76074
41.816667,9.76082
41.833333,9.76101
41.85,9.76123
41.866667,9.76141
41.883333,9.76163
41.9,9.76187
41.916667,9.76211
41.933333,9.76222
41.95,9.76234
41.966667,9.76237
41.983333,9.76237
42,9.76226
42.016667,9.76211
42.033333,9.76206
42.05,9.76209
42.066667,9.76208
42.083333,9.76211
42.1,9.76216
42.116667,9.76217
42.133333,9.7622
42.15,9.76225
42.166667,9.76238
42.183333,9.7627
42.2,9.76309
42.216667,9.76311
42.233333,9.76312
42.25,9.76298
42.266667,9.76284
42.283333,9.76287
42.3,9.76305
42.316667,9.76339
42.333333,9.76334
42.35,9.76317
42.366667,9.76316
42.383333,9.76344
42.4,9.76327
42.416667,9.76304
42.433333,9.76286
42.45,9.76272
42.466667,9.7626
42.483333,9.76261
42.5,9.76249
42.516667,9.76224
42.533333,9.76206
42.55,9.76209
42.566667,9.76221
42.583333,9.76232
42.6,9.76235
42.616667,9.76244
42.633333,9.76248
42.65,9.76265
42.666667,9.76283
42.683333,9.76322
42.7,9.76393
42.716667,9.7643
42.733333,9.76435
42.75,9.76485
42.766667,9.76534
42.783333,9.75963
42.8,9.78266
42.816667,9.80024
42.833333,9.80367
42.85,9.80141
42.866667,9.79527
42.883333,9.78446
42.9,9.77946
42.916667,9.77393
42.933333,9.77173
42.95,9.77139
42.966667,9.77144
42.983333,9.77093
43,9.77009
43.016667,9.76934
43.033333,9.7686
43.05,9.76793
43.066667,9.76733
43.083333,9.767
43.1,9.76667
43.116667,9.76613
43.133333,9.7658
43.15,9.76539
43.166667,9.76484
43.183333,9.76427
43.2,9.76383
43.216667,9.76348
43.233333,9.76302
43.25,9.76284
43.266667,9.76253
43.283333,9.76255
43.3,9.76238
43.316667,9.76215
43.333333,9.76201
43.35,9.76197
43.366667,9.76192
43.383333,9.76165
43.4,9.76136
43.416667,9.76139
43.433333,9.76132
43.45,9.76132
43.466667,9.76126
43.483333,9.76162
43.5,9.76084
43.516667,9.76161
43.533333,9.76223
43.55,9.76241
43.566667,9.74517
43.583333,9.7223
43.6,9.70294
43.616667,9.68228
43.633333,9.67813
43.65,9.68444
43.666667,9.69039
43.683333,9.70189
43.7,9.71316
43.716667,9.72098
43.733333,9.72627
43.75,9.73244
43.766667,9.73587
43.783333,9.73726
43.8,9.73959
43.816667,9.74079
43.833333,9.74228
43.85,9.74395
43.866667,9.7454
43.883333,9.74713
43.9,9.74856
43.916667,9.7496
43.933333,9.75022
43.95,9.75104
43.966667,9.75161
43.983333,9.75198
44,9.75248
44.016667,9.75332
44.033333,9.75393
44.05,9.75424
44.066667,9.75471
44.083333,9.75514
44.1,9.75535
44.116667,9.75561
44.133333,9.75591
44.15,9.75624
44.166667,9.75673
44.183333,9.75704
44.2,9.75719
44.216667,9.75724
44.233333,9.75728
44.25,9.75745
44.266667,9.75774
44.283333,9.75792
44.3,9.75808
44.316667,9.758
44.333333,9.75793
44.35,9.75811
44.366667,9.75826
44.383333,9.75821
44.4,9.7583
44.416667,9.75832
44.433333,9.75828
44.45,9.75827
44.466667,9.75805
44.483333,9.75791
44.5,9.7579
44.516667,9.75788
44.533333,9.75793
44.55,9.7581
44.566667,9.75825
44.583333,9.75837
44.6,9.75841
44.616667,9.75847
44.633333,9.75867
44.65,9.75872
44.666667,9.75874
44.683333,9.75852
44.7,9.75837
44.716667,9.75834
44.733333,9.75844
44.75,9.75854
44.766667,9.75873
44.783333,9.75891
44.8,9.75906
44.816667,9.75897
44.833333,9.75884
44.85,9.75881
44.866667,9.75869
44.883333,9.75857
44.9,9.75867
44.916667,9.75856
44.933333,9.75873
44.95,9.75868
44.966667,9.75868
44.983333,9.75876
45,9.75913
45.016667,9.75926
45.033333,9.75943
45.05,9.7594
45.066667,9.75927
45.083333,9.75933
45.1,9.75943
45.116667,9.7595
45.133333,9.75955
45.15,9.75968
45.166667,9.75971
45.183333,9.7598
45.2,9.75979
45.216667,9.76007
45.233333,9.7604
45.25,9.76074
45.266667,9.76099
45.283333,9.76117
45.3,9.76138
45.316667,9.76153
45.333333,9.7616
45.35,9.76169
45.366667,9.76182
45.383333,9.76204
45.4,9.76206
45.416667,9.76211
45.433333,9.76227
45.45,9.76243
45.466667,9.76228
45.483333,9.76237
45.5,9.7626
45.516667,9.76267
45.533333,9.76265
45.55,9.76262
45.566667,9.76267
45.583333,9.7625
45.6,9.7622
45.616667,9.76202
45.633333,9.76194
45.65,9.76185
45.666667,9.76157
45.683333,9.7613
45.7,9.76113
45.716667,9.761
45.733333,9.76074
45.75,9.76055
45.766667,9.76044
45.783333,9.76035
45.8,9.7602
45.816667,9.75986
45.833333,9.75955
45.85,9.7595
45.866667,9.7596
45.883333,9.75929
45.9,9.75892
45.916667,9.75872
45.933333,9.7586
45.95,9.75866
45.966667,9.75882
45.983333,9.75867
46,9.75869
46.016667,9.76008
46.033333,9.7608
46.05,9.76049
46.066667,9.74938
46.083333,9.72805
46.1,9.70218
46.116667,9.67822
46.133333,9.673
46.15,9.67708
46.166667,9.68297
46.183333,9.69304
46.2,9.70781
46.216667,9.71611
46.233333,9.7206
46.25,9.72636
46.266667,9.73232
46.283333,9.73422
46.3,9.73536
46.316667,9.73643
46.333333,9.73748
46.35,9.73841
46.366667,9.73971
46.383333,9.74125
46.4,9.74235
46.416667,9.74336
46.433333,9.74438
46.45,9.74557
46.466667,9.74669
46.483333,9.74743
46.5,9.74804
46.516667,9.74867
46.533333,9.74925
46.55,9.74999
46.566667,9.7507
46.583333,9.75165
46.6,9.75201
46.616667,9.75226
46.633333,9.75245
46.65,9.7528
46.666667,9.75335
46.683333,9.75391
46.7,9.75429
46.716667,9.75479
46.733333,9.75514
46.75,9.75547
46.766667,9.75569
46.783333,9.75587
46.8,9.75615
46.816667,9.75643
46.833333,9.75647
46.85,9.75671
46.866667,9.75722
46.883333,9.7574
46.9,9.75687
46.916667,9.75688
46.933333,9.75684
46.95,9.75686
46.966667,9.75681
46.983333,9.75714
47,9.75715
47.016667,9.75693
47.033333,9.75697
47.05,9.75685
47.066667,9.75704
47.083333,9.75714
47.1,9.75696
47.116667,9.75731
47.133333,9.75698
47.15,9.75693
47.166667,9.75694
47.183333,9.75699
47.2,9.75691
47.216667,9.75678
47.233333,9.75637
47.25,9.75605
47.266667,9.75595
47.283333,9.75599
47.3,9.7557
47.316667,9.75554
47.333333,9.75525
47.35,9.75553
47.366667,9.75579
47.383333,9.75582
47.4,9.75569
47.416667,9.75585
47.433333,9.75555
47.45,9.75523
47.466667,9.75494
47.483333,9.75484
47.5,9.75529
47.516667,9.75555
47.533333,9.75568
47.55,9.75586
47.566667,9.75614
47.583333,9.75631
47.6,9.75593
47.616667,9.75598
47.633333,9.75625
47.65,9.7562
47.666667,9.75636
47.683333,9.75642
47.7,9.75632
47.716667,9.75651
47.733333,9.75665
47.75,9.75699
47.766667,9.75711
47.783333,9.75697
47.8,9.7567
47.816667,9.75642
47.833333,9.75638
47.85,9.75658
47.866667,9.75672
47.883333,9.75675
47.9,9.75664
47.916667,9.7566
47.933333,9.75667
47.95,9.75643
47.966667,9.75673
47.983333,9.75701
48,9.75695
48.016667,9.7569
48.033333,9.75682
48.05,9.75689
48.066667,9.75699
48.083333,9.75697
48.1,9.75702
48.116667,9.75728
48.133333,9.75739
48.15,9.7573
48.166667,9.75713
48.183333,9.75716
48.2,9.75714
48.216667,9.75707
48.233333,9.757
48.25,9.75695
48.266667,9.75687
48.283333,9.75704
48.3,9.75724
48.316667,9.75729
48.333333,9.75726
48.35,9.75724
48.366667,9.75721
48.383333,9.75707
48.4,9.75711
48.416667,9.75717
48.433333,9.75697
48.45,9.75692
48.466667,9.75697
48.483333,9.75673
48.5,9.75661
48.516667,9.75697
