SetB.run4,,
Time (sec),Abs,
0.25,1.187695503,
0.75,1.186321855,
1.25,1.18632102,
1.75,1.186882973,
2.25,1.187258363,
2.75,1.187053561,
3.25,1.187564015,
3.75,1.187990665,
4.25,1.187228084,
4.75,1.187018275,
5.25,1.187052011,
5.75,1.18618989,
6.25,1.18685627,
6.75,1.186606288,
7.25,1.185915589,
7.75,1.186675668,
8.25,1.185827732,
8.75,1.187563777,
9.25,1.187706232,
9.75,1.186099529,
10.25,1.188063502,
10.75,1.191018939,
11.25,1.191233635,
11.75,1.190544844,
12.25,1.188312411,
12.75,1.187359691,
13.25,1.188448191,
13.75,1.187997699,
14.25,1.188655376,
14.75,1.189655066,
15.25,1.18962872,
15.75,1.189018607,
16.25,1.188222647,
16.75,1.189020395,
17.25,1.188512444,
17.75,1.18871665,
18.25,1.189393759,
18.75,1.188713908,
19.25,1.188694,
19.75,1.189763188,
20.25,1.188662052,
20.75,1.190040588,
21.25,1.189200282,
21.75,1.187932968,
22.25,1.189453959,
22.75,1.18929255,
23.25,1.189494491,
23.75,1.189666033,
24.25,1.188823938,
24.75,1.188058376,
25.25,1.189214349,
25.75,1.189590454,
26.25,1.188887,
26.75,1.188376307,
27.25,1.189204693,
27.75,1.188796759,
28.25,1.19042027,
28.75,1.18991971,
29.25,1.189221621,
29.75,1.188932061,
30.25,1.189537883,
30.75,1.187791228,
31.25,1.188040972,
31.75,1.188670874,
32.25,1.18890965,
32.75,1.188625932,
33.25,1.187434912,
33.75,1.187880516,
34.25,1.18940115,
34.75,1.188585758,
35.25,1.188060999,
35.75,1.187817335,
36.25,1.190002918,
36.75,1.189454436,
37.25,1.189179063,
37.75,1.188797712,
38.25,1.187419176,
38.75,1.190389395,
39.25,1.188752413,
39.75,1.188399792,
40.25,1.189410686,
40.75,1.188041449,
41.25,1.188520908,
41.75,1.188247919,
42.25,1.187823653,
42.75,1.187694788,
43.25,1.189730883,
43.75,1.190170407,
44.25,1.191249371,
44.75,1.192021489,
45.25,1.191967249,
45.75,1.191630006,
46.25,1.193435311,
46.75,1.192516685,
47.25,1.190341234,
47.75,1.189870715,
48.25,1.188423514,
48.75,1.188668013,
49.25,1.189205408,
49.75,1.189334393,
50.25,1.189846277,
50.75,1.188818336,
51.25,1.188080788,
51.75,1.189015985,
52.25,1.189312458,
52.75,1.188977242,
53.25,1.189026833,
53.75,1.190018892,
54.25,1.190527558,
54.75,1.188817739,
55.25,1.190074086,
55.75,1.189206243,
56.25,1.189375162,
56.75,1.18998003,
57.25,1.190102935,
57.75,1.19012177,
58.25,1.189255595,
58.75,1.189553022,
59.25,1.189870119,
59.75,1.190897226,
60.25,1.190612912,
60.75,1.190099359,
61.25,1.190304637,
61.75,1.189828157,
62.25,1.190519452,
62.75,1.18935132,
63.25,1.188275695,
63.75,1.190303326,
64.25,1.191138744,
64.75,1.189046502,
65.25,1.18829155,
65.75,1.188603759,
66.25,1.190174222,
66.75,1.190215588,
67.25,1.189005136,
67.75,1.190768957,
68.25,1.190315843,
68.75,1.190266013,
69.25,1.190684199,
69.75,1.190683484,
70.25,1.190174818,
70.75,1.189883232,
71.25,1.189693689,
71.75,1.191135168,
72.25,1.190669775,
72.75,1.19076407,
73.25,1.189619064,
73.75,1.19017899,
74.25,1.190595508,
74.75,1.191091657,
75.25,1.190513968,
75.75,1.190852165,
76.25,1.190323114,
76.75,1.189689159,
77.25,1.19119072,
77.75,1.189708948,
78.25,1.189633369,
78.75,1.191111684,
79.25,1.190953135,
79.75,1.190354347,
80.25,1.190831423,
80.75,1.190606117,
81.25,1.191730857,
81.75,1.18903935,
82.25,1.189864874,
82.75,1.189446926,
83.25,1.189963579,
83.75,1.190798759,
84.25,1.191014647,
84.75,1.190857291,
85.25,1.190720558,
85.75,1.190216899,
86.25,1.190457463,
86.75,1.18981564,
87.25,1.191265225,
87.75,1.19224751,
88.25,1.192917109,
88.75,1.192280054,
89.25,1.191895723,
89.75,1.191412807,
90.25,1.190253019,
90.75,1.191041946,
91.25,1.188960314,
91.75,1.190019965,
92.25,1.190581083,
92.75,1.190739274,
93.25,1.190777779,
93.75,1.191872716,
94.25,1.191047668,
94.75,1.190630078,
95.25,1.189874411,
95.75,1.191141605,
96.25,1.192022085,
96.75,1.189358354,
97.25,1.188640475,
97.75,1.190392375,
98.25,1.190325856,
98.75,1.190865755,
99.25,1.190482616,
99.75,1.190417767,
100.25,1.191017509,
100.75,1.190729856,
101.25,1.19046402,
101.75,1.191265821,
102.25,1.191527009,
102.75,1.190105438,
103.25,1.190322161,
103.75,1.191915631,
104.25,1.190998435,
104.75,1.191712976,
105.25,1.190970421,
105.75,1.190966368,
106.25,1.191256046,
106.75,1.190529704,
107.25,1.190899968,
107.75,1.19091022,
108.25,1.190706015,
108.75,1.192204952,
109.25,1.191522598,
109.75,1.191859007,
110.25,1.190577388,
110.75,1.191285729,
111.25,1.191667557,
111.75,1.191365123,
112.25,1.192301393,
112.75,1.191508889,
113.25,1.190585136,
113.75,1.191052675,
114.25,1.191033602,
114.75,1.192039251,
115.25,1.191868544,
115.75,1.192659855,
116.25,1.190865636,
116.75,1.190677047,
117.25,1.191798091,
117.75,1.19157505,
118.25,1.191662669,
118.75,1.191190004,
119.25,1.191929579,
119.75,1.191136122,
120.25,1.191793561,
120.75,1.192122459,
121.25,1.19123733,
121.75,1.192939162,
122.25,1.191635132,
122.75,1.191465378,
123.25,1.190468907,
123.75,1.191153765,
124.25,1.191999912,
124.75,1.191804767,
125.25,1.190894127,
125.75,1.191970229,
126.25,1.191863537,
126.75,1.191508532,
127.25,1.19137466,
127.75,1.190794706,
128.25,1.191151142,
128.75,1.190525293,
129.25,1.191395402,
129.75,1.191718221,
130.25,1.19178319,
130.75,1.192275405,
131.25,1.192141771,
131.75,1.192798853,
132.25,1.191829443,
132.75,1.192161918,
133.25,1.19136405,
133.75,1.190696359,
134.25,1.193096757,
134.75,1.191157937,
135.25,1.191760659,
135.75,1.191717863,
136.25,1.191781282,
136.75,1.191782355,
137.25,1.192703009,
137.75,1.191806793,
138.25,1.192515612,
138.75,1.192220926,
139.25,1.191976309,
139.75,1.192067623,
140.25,1.193025708,
140.75,1.192113519,
141.25,1.191968203,
141.75,1.191630483,
142.25,1.191767693,
142.75,1.1921736,
143.25,1.190331459,
143.75,1.193490624,
144.25,1.192692876,
144.75,1.193624377,
145.25,1.19364202,
145.75,1.19356811,
146.25,1.192895412,
146.75,1.192399263,
147.25,1.193499684,
147.75,1.192632198,
148.25,1.193096519,
148.75,1.192268014,
149.25,1.192824364,
149.75,1.192630768,
150.25,1.19134903,
150.75,1.192826748,
151.25,1.191968799,
151.75,1.192520738,
152.25,1.193964124,
152.75,1.190907955,
153.25,1.191881418,
153.75,1.192365527,
154.25,1.193304062,
154.75,1.193030834,
155.25,1.191399693,
155.75,1.192293644,
156.25,1.19277966,
156.75,1.191753507,
157.25,1.192991495,
157.75,1.192284465,
158.25,1.19329834,
158.75,1.193114877,
159.25,1.191707611,
159.75,1.19170928,
160.25,1.192057848,
160.75,1.192237377,
161.25,1.192491889,
161.75,1.191984177,
162.25,1.192131281,
162.75,1.192032695,
163.25,1.193140984,
163.75,1.192683458,
164.25,1.192387462,
164.75,1.192340255,
165.25,1.192403555,
165.75,1.191974759,
166.25,1.193309546,
166.75,1.193190932,
167.25,1.192484379,
167.75,1.191994786,
168.25,1.193190455,
168.75,1.19225502,
169.25,1.19108367,
169.75,1.192156792,
170.25,1.192191958,
170.75,1.192944765,
171.25,1.193059087,
171.75,1.191152096,
172.25,1.193024874,
172.75,1.192965031,
173.25,1.192739248,
173.75,1.19143641,
174.25,1.193433404,
174.75,1.192569852,
175.25,1.19332993,
175.75,1.192000389,
176.25,1.193155646,
176.75,1.191909194,
177.25,1.192390203,
177.75,1.191167355,
178.25,1.193528533,
178.75,1.192124128,
179.25,1.192410946,
179.75,1.192442894,
180.25,1.192969203,
180.75,1.191768527,
181.25,1.193009973,
181.75,1.192581296,
182.25,1.192791462,
182.75,1.193121672,
183.25,1.192478061,
183.75,1.192174315,
184.25,1.193408847,
184.75,1.193873763,
185.25,1.192393661,
185.75,1.192091584,
186.25,1.19207716,
186.75,1.193883538,
187.25,1.192021728,
187.75,1.192875385,
188.25,1.193147302,
188.75,1.193151832,
189.25,1.193148017,
189.75,1.192545414,
190.25,1.193834662,
190.75,1.19240272,
191.25,1.192655683,
191.75,1.191577673,
192.25,1.192110658,
192.75,1.193079948,
193.25,1.191746235,
193.75,1.193246126,
194.25,1.191522002,
194.75,1.192445874,
195.25,1.192166328,
195.75,1.192101479,
196.25,1.193157554,
196.75,1.193450451,
197.25,1.191524386,
197.75,1.191947818,
198.25,1.193005681,
198.75,1.192598104,
199.25,1.193371177,
199.75,1.192905068,
200.25,1.193879604,
200.75,1.191969991,
201.25,1.191940069,
201.75,1.192261457,
202.25,1.19257319,
202.75,1.191753507,
203.25,1.192197442,
203.75,1.192887545,
204.25,1.191733718,
204.75,1.192761898,
205.25,1.193456888,
205.75,1.192540288,
206.25,1.19333148,
206.75,1.191785693,
207.25,1.192995071,
207.75,1.192612529,
208.25,1.191551089,
208.75,1.192542791,
209.25,1.192233086,
209.75,1.192055464,
210.25,1.192070603,
210.75,1.19318223,
211.25,1.192915201,
211.75,1.192371726,
212.25,1.192914605,
212.75,1.192485094,
213.25,1.192175984,
213.75,1.192390084,
214.25,1.19377315,
214.75,1.191981912,
215.25,1.191893578,
215.75,1.192883253,
216.25,1.193633914,
216.75,1.192386746,
217.25,1.191951036,
217.75,1.192875624,
218.25,1.192735195,
218.75,1.192548394,
219.25,1.192362785,
219.75,1.192472577,
220.25,1.192652822,
220.75,1.192725182,
221.25,1.191167474,
221.75,1.192461967,
222.25,1.193783045,
222.75,1.192268968,
223.25,1.193691015,
223.75,1.192838311,
224.25,1.191052318,
224.75,1.193300605,
225.25,1.193437219,
225.75,1.19252038,
226.25,1.193430662,
226.75,1.191591382,
227.25,1.192924619,
227.75,1.192442298,
228.25,1.193452597,
228.75,1.192917705,
229.25,1.192133904,
229.75,1.19306922,
230.25,1.193365455,
230.75,1.193333387,
231.25,1.19250989,
231.75,1.193068862,
232.25,1.193706155,
232.75,1.193139076,
233.25,1.192129254,
233.75,1.192521811,
234.25,1.191713572,
234.75,1.191665173,
235.25,1.192595005,
235.75,1.192044616,
236.25,1.192744136,
236.75,1.192155004,
237.25,1.193156481,
237.75,1.193278193,
238.25,1.193926215,
238.75,1.192824483,
239.25,1.193290949,
239.75,1.192294598,
240.25,1.194440246,
240.75,1.193741918,
241.25,1.1924752,
241.75,1.192909956,
242.25,1.19356513,
242.75,1.192706227,
243.25,1.192624569,
243.75,1.194300294,
244.25,1.193141699,
244.75,1.192613363,
245.25,1.192723513,
245.75,1.193031907,
246.25,1.193413973,
246.75,1.192868471,
247.25,1.192335486,
247.75,1.191838026,
248.25,1.193165421,
248.75,1.19316709,
249.25,1.192335963,
249.75,1.194573402,
250.25,1.192938566,
250.75,1.193775296,
251.25,1.191410422,
251.75,1.194131017,
252.25,1.193482757,
252.75,1.192342877,
253.25,1.193166256,
253.75,1.192603469,
254.25,1.192310929,
254.75,1.192460656,
255.25,1.192289472,
255.75,1.192432404,
256.25,1.194582939,
256.75,1.191394448,
257.25,1.193341851,
257.75,1.191820025,
258.25,1.193572283,
258.75,1.191796541,
259.25,1.192594051,
259.75,1.193039536,
260.25,1.193036437,
260.75,1.192655087,
261.25,1.193055987,
261.75,1.193128705,
262.25,1.192374825,
262.75,1.19450593,
263.25,1.192748308,
263.75,1.193679333,
264.25,1.192658901,
264.75,1.194571018,
265.25,1.192379713,
265.75,1.191564441,
266.25,1.193219662,
266.75,1.193435788,
267.25,1.191879869,
267.75,1.193178177,
268.25,1.193735838,
268.75,1.192445874,
269.25,1.192091107,
269.75,1.192553043,
270.25,1.193990111,
270.75,1.193935037,
271.25,1.1919415,
271.75,1.192777038,
272.25,1.192312002,
272.75,1.19383347,
273.25,1.192687154,
273.75,1.192578793,
274.25,1.193108082,
274.75,1.194624782,
275.25,1.192673683,
275.75,1.192841649,
276.25,1.192336202,
276.75,1.192213655,
277.25,1.193178892,
277.75,1.19311738,
278.25,1.193704128,
278.75,1.193344355,
279.25,1.190938592,
279.75,1.193549395,
280.25,1.192344069,
280.75,1.192611217,
281.25,1.191769004,
281.75,1.192989826,
282.25,1.192142725,
282.75,1.193950057,
283.25,1.192427158,
283.75,1.192600369,
284.25,1.192759275,
284.75,1.19285953,
285.25,1.192021608,
285.75,1.192180276,
286.25,1.193253279,
286.75,1.192517757,
287.25,1.192389607,
287.75,1.193135619,
288.25,1.192700744,
288.75,1.193785787,
289.25,1.193152308,
289.75,1.192751408,
290.25,1.191473126,
290.75,1.192361593,
291.25,1.193692803,
291.75,1.193901181,
292.25,1.192637205,
292.75,1.193434596,
293.25,1.193297148,
293.75,1.191960454,
294.25,1.192680001,
294.75,1.195170999,
295.25,1.192994475,
295.75,1.193004727,
296.25,1.194017529,
296.75,1.193429351,
297.25,1.193157554,
297.75,1.19254458,
298.25,1.193218827,
298.75,1.193050742,
299.25,1.192027688,
299.75,1.192747593,
300.25,1.192825794,
300.75,1.193856716,
301.25,1.193905711,
301.75,1.191663742,
302.25,1.192360997,
302.75,1.192348957,
303.25,1.193552852,
303.75,1.192859888,
304.25,1.193199754,
304.75,1.192860842,
305.25,1.192671061,
305.75,1.192080259,
306.25,1.193962693,
306.75,1.193048358,
307.25,1.191935062,
307.75,1.192909718,
308.25,1.193371773,
308.75,1.192540407,
309.25,1.192786455,
309.75,1.192765474,
310.25,1.19244194,
310.75,1.193022609,
311.25,1.192878127,
311.75,1.193819761,
312.25,1.192269564,
312.75,1.193697214,
313.25,1.192166686,
313.75,1.192242265,
314.25,1.192779064,
314.75,1.192153931,
315.25,1.191294074,
315.75,1.193537593,
316.25,1.193948984,
316.75,1.193738103,
317.25,1.192905903,
317.75,1.193446279,
318.25,1.193151355,
318.75,1.194021463,
319.25,1.192045093,
319.75,1.193182588,
320.25,1.192121625,
320.75,1.193128586,
321.25,1.193158031,
321.75,1.19234848,
322.25,1.193722129,
322.75,1.192372561,
323.25,1.191205621,
323.75,1.192609429,
324.25,1.19335103,
324.75,1.193990469,
325.25,1.193134665,
325.75,1.193786621,
326.25,1.192772031,
326.75,1.19312644,
327.25,1.192956209,
327.75,1.193137765,
328.25,1.191945791,
328.75,1.192626715,
329.25,1.19361937,
329.75,1.193289757,
330.25,1.191959739,
330.75,1.193002582,
331.25,1.193195581,
331.75,1.192858696,
332.25,1.191853046,
332.75,1.192421079,
333.25,1.192851782,
333.75,1.192741871,
334.25,1.19322145,
334.75,1.192730546,
335.25,1.193736076,
335.75,1.192492366,
336.25,1.193037033,
336.75,1.193449736,
337.25,1.193504095,
337.75,1.191922069,
338.25,1.191952467,
338.75,1.194188118,
339.25,1.192849517,
339.75,1.192460299,
340.25,1.193355322,
340.75,1.191920161,
341.25,1.19217515,
341.75,1.19353354,
342.25,1.192804813,
342.75,1.194159865,
343.25,1.192929268,
343.75,1.192177176,
344.25,1.193701148,
344.75,1.194148302,
345.25,1.193681002,
345.75,1.193874955,
346.25,1.192956448,
346.75,1.192502618,
347.25,1.191858411,
347.75,1.191471338,
348.25,1.192142487,
348.75,1.192924023,
349.25,1.192456603,
349.75,1.19346118,
350.25,1.192987561,
350.75,1.192883253,
351.25,1.192230582,
351.75,1.193117738,
352.25,1.193635345,
352.75,1.193569183,
353.25,1.192923307,
353.75,1.192205191,
354.25,1.193806529,
354.75,1.192571282,
355.25,1.191291928,
355.75,1.194261193,
356.25,1.193021774,
356.75,1.193716526,
357.25,1.194090605,
357.75,1.193166256,
358.25,1.193290114,
358.75,1.193423033,
359.25,1.194415331,
359.75,1.192746997,
360.25,1.191802502,
360.75,1.194189787,
361.25,1.192920685,
361.75,1.194073081,
362.25,1.194241881,
362.75,1.193641186,
363.25,1.193454027,
363.75,1.193788648,
364.25,1.193397403,
364.75,1.19287014,
365.25,1.192587733,
365.75,1.193409085,
366.25,1.192330122,
366.75,1.192553759,
367.25,1.193791151,
367.75,1.194518924,
368.25,1.193912268,
368.75,1.193114519,
369.25,1.194068313,
369.75,1.192924976,
370.25,1.193515062,
370.75,1.193522692,
371.25,1.193322897,
371.75,1.192916512,
372.25,1.193807721,
372.75,1.19321084,
373.25,1.192187071,
373.75,1.193693876,
374.25,1.193860292,
374.75,1.194346786,
375.25,1.192683935,
375.75,1.192389846,
376.25,1.192993283,
376.75,1.193809271,
377.25,1.193143129,
377.75,1.192861676,
378.25,1.193411589,
378.75,1.193343043,
379.25,1.193205357,
379.75,1.193474531,
380.25,1.193066239,
380.75,1.194108129,
381.25,1.192526579,
381.75,1.19278264,
382.25,1.193541884,
382.75,1.193272948,
383.25,1.194039702,
383.75,1.19240725,
384.25,1.193293095,
384.75,1.193091512,
385.25,1.194481969,
385.75,1.192148685,
386.25,1.194277763,
386.75,1.193395734,
387.25,1.193318486,
387.75,1.192966938,
388.25,1.193077922,
388.75,1.193088531,
389.25,1.192065477,
389.75,1.19216454,
390.25,1.192952991,
390.75,1.192417264,
391.25,1.192167878,
391.75,1.193156362,
392.25,1.194060922,
392.75,1.194293618,
393.25,1.19402492,
393.75,1.192412138,
394.25,1.194063187,
394.75,1.192782164,
395.25,1.194978118,
395.75,1.192819834,
396.25,1.192837715,
396.75,1.193048358,
397.25,1.193524003,
397.75,1.193527937,
398.25,1.194095969,
398.75,1.192357183,
399.25,1.193726182,
399.75,1.193343163,
400.25,1.194669247,
400.75,1.193890691,
401.25,1.193538189,
401.75,1.193300724,
402.25,1.19280839,
402.75,1.194225073,
403.25,1.193110943,
403.75,1.19348228,
404.25,1.193763614,
404.75,1.19259274,
405.25,1.193073153,
405.75,1.192771077,
406.25,1.193276286,
406.75,1.192407608,
407.25,1.193925738,
407.75,1.193853259,
408.25,1.19337213,
408.75,1.193714738,
409.25,1.194496989,
409.75,1.193866253,
410.25,1.19376719,
410.75,1.194246531,
411.25,1.193364501,
411.75,1.192209244,
412.25,1.19340694,
412.75,1.193405151,
413.25,1.192616701,
413.75,1.193064928,
414.25,1.193498254,
414.75,1.193688989,
415.25,1.192794919,
415.75,1.192640305,
416.25,1.192914486,
416.75,1.193079472,
417.25,1.193252325,
417.75,1.192875028,
418.25,1.192355156,
418.75,1.194727778,
419.25,1.193943858,
419.75,1.19237721,
420.25,1.19237268,
420.75,1.193148613,
421.25,1.193722248,
421.75,1.194553852,
422.25,1.193237782,
422.75,1.193486214,
423.25,1.192361593,
423.75,1.192791581,
424.25,1.194255352,
424.75,1.193413138,
425.25,1.192604661,
425.75,1.191287041,
426.25,1.193935752,
426.75,1.192930937,
427.25,1.192493081,
427.75,1.192574739,
428.25,1.193152308,
428.75,1.194140315,
429.25,1.193673015,
429.75,1.194142342,
430.25,1.194574594,
430.75,1.192805648,
431.25,1.192855835,
431.75,1.193098903,
432.25,1.194702983,
432.75,1.193484545,
433.25,1.193921089,
433.75,1.192669988,
434.25,1.193950653,
434.75,1.193014145,
435.25,1.193061113,
435.75,1.192998886,
436.25,1.193238854,
436.75,1.193025231,
437.25,1.194329858,
437.75,1.193915367,
438.25,1.194372296,
438.75,1.193690896,
439.25,1.192714572,
439.75,1.194258809,
440.25,1.193205237,
440.75,1.193565726,
441.25,1.192259192,
441.75,1.194509983,
442.25,1.194371104,
442.75,1.194121242,
443.25,1.194649696,
443.75,1.193980575,
444.25,1.194520712,
444.75,1.195384383,
445.25,1.194612622,
445.75,1.194529414,
446.25,1.194934487,
446.75,1.194368243,
447.25,1.195375323,
447.75,1.193974495,
448.25,1.193945289,
448.75,1.194184542,
449.25,1.193471551,
449.75,1.192848325,
450.25,1.192917466,
450.75,1.19404006,
451.25,1.193965435,
451.75,1.192813158,
452.25,1.194468975,
452.75,1.193358183,
453.25,1.193716526,
453.75,1.192992926,
454.25,1.194353819,
454.75,1.192841649,
455.25,1.193863869,
455.75,1.193185449,
456.25,1.193146944,
456.75,1.193566799,
457.25,1.192598224,
457.75,1.192262173,
458.25,1.193707585,
458.75,1.194725513,
459.25,1.191899896,
459.75,1.19339323,
460.25,1.193431258,
460.75,1.194788098,
461.25,1.193257093,
461.75,1.193833113,
462.25,1.193286419,
462.75,1.19387567,
463.25,1.194164753,
463.75,1.194389105,
464.25,1.192649484,
464.75,1.193282604,
465.25,1.193193674,
465.75,1.194101095,
466.25,1.193058491,
466.75,1.192540884,
467.25,1.192094088,
467.75,1.193212032,
468.25,1.193476796,
468.75,1.193584085,
469.25,1.193312168,
469.75,1.194031596,
470.25,1.192814589,
470.75,1.193682194,
471.25,1.193932772,
471.75,1.192513824,
472.25,1.193840861,
472.75,1.192734957,
473.25,1.193520546,
473.75,1.19400084,
474.25,1.194709897,
474.75,1.193180203,
475.25,1.194245815,
475.75,1.192942739,
476.25,1.19423449,
476.75,1.193314314,
477.25,1.193142295,
477.75,1.194392681,
478.25,1.194079518,
478.75,1.193914294,
479.25,1.19415617,
479.75,1.193160653,
480.25,1.193601727,
480.75,1.194491267,
481.25,1.193443656,
481.75,1.193701029,
482.25,1.193599701,
482.75,1.193258047,
483.25,1.193519354,
483.75,1.193301439,
484.25,1.193867326,
484.75,1.194284201,
485.25,1.193261027,
485.75,1.193783879,
486.25,1.193670154,
486.75,1.193097711,
487.25,1.193092227,
487.75,1.194212317,
488.25,1.194573522,
488.75,1.194356203,
489.25,1.193145394,
489.75,1.192504883,
490.25,1.192170978,
490.75,1.193424702,
491.25,1.193785548,
491.75,1.194394469,
492.25,1.194554448,
492.75,1.193989635,
493.25,1.192213655,
493.75,1.193891406,
494.25,1.193354607,
494.75,1.194095612,
495.25,1.192795038,
495.75,1.193266034,
496.25,1.193863153,
496.75,1.194279075,
497.25,1.194764853,
497.75,1.194192529,
498.25,1.192313194,
498.75,1.194517732,
499.25,1.194037437,
499.75,1.193248987,
500.25,1.194890857,
500.75,1.194374681,
501.25,1.193422794,
501.75,1.192772746,
502.25,1.192882061,
502.75,1.194123864,
503.25,1.19407773,
503.75,1.195101738,
504.25,1.194810867,
504.75,1.192846298,
505.25,1.193858147,
505.75,1.193300366,
506.25,1.194363356,
506.75,1.192799926,
507.25,1.193156123,
507.75,1.194110155,
508.25,1.194723129,
508.75,1.193397403,
509.25,1.192546844,
509.75,1.193787217,
510.25,1.193083286,
510.75,1.193704128,
511.25,1.193413973,
511.75,1.193856478,
512.25,1.193502069,
512.75,1.193399787,
513.25,1.194908261,
513.75,1.19366014,
514.25,1.194330096,
514.75,1.194187164,
515.25,1.193421125,
515.75,1.194200516,
516.25,1.194865942,
516.75,1.194602251,
517.25,1.192691445,
517.75,1.193184853,
518.25,1.19415164,
518.75,1.19369328,
519.25,1.19276309,
519.75,1.192817092,
520.25,1.193784595,
520.75,1.194297791,
521.25,1.192607164,
521.75,1.192747831,
522.25,1.194710135,
522.75,1.19530952,
523.25,1.194579482,
523.75,1.193790317,
524.25,1.194196582,
524.75,1.193826079,
525.25,1.192919612,
525.75,1.192718625,
526.25,1.193971395,
526.75,1.193727255,
527.25,1.1937356,
527.75,1.192877769,
528.25,1.194290519,
528.75,1.19349277,
529.25,1.192719817,
529.75,1.192931533,
530.25,1.194313049,
530.75,1.194505334,
531.25,1.194152355,
531.75,1.193708539,
532.25,1.193410635,
532.75,1.193010092,
533.25,1.193067193,
533.75,1.193302989,
534.25,1.19429791,
534.75,1.193436384,
535.25,1.194112539,
535.75,1.193082094,
536.25,1.193824053,
536.75,1.193505049,
537.25,1.192895532,
537.75,1.193996191,
538.25,1.194545627,
538.75,1.193632245,
539.25,1.192029119,
539.75,1.194530249,
540.25,1.194529891,
540.75,1.194068789,
541.25,1.193128467,
541.75,1.192600012,
542.25,1.193692923,
542.75,1.194446325,
543.25,1.194264293,
543.75,1.194500804,
544.25,1.192839146,
544.75,1.193464041,
545.25,1.19362998,
545.75,1.192577839,
546.25,1.193599582,
546.75,1.193944693,
547.25,1.193627834,
547.75,1.193592548,
548.25,1.191854239,
548.75,1.194772363,
549.25,1.193430424,
549.75,1.193894863,
550.25,1.193383932,
550.75,1.19299078,
551.25,1.194523692,
551.75,1.194852114,
552.25,1.192047,
552.75,1.194292903,
553.25,1.193702221,
553.75,1.194391131,
554.25,1.194905758,
554.75,1.193220854,
555.25,1.194100857,
555.75,1.192941666,
556.25,1.194058418,
556.75,1.194498062,
557.25,1.192687392,
557.75,1.192965388,
558.25,1.193972588,
558.75,1.192944407,
559.25,1.192344785,
559.75,1.193493366,
560.25,1.193782568,
560.75,1.192519546,
561.25,1.194025159,
561.75,1.193948388,
562.25,1.192914605,
562.75,1.193359137,
563.25,1.193868995,
563.75,1.194144011,
564.25,1.194618821,
564.75,1.192534804,
565.25,1.193460941,
565.75,1.193543553,
566.25,1.193425179,
566.75,1.193263531,
567.25,1.193073273,
567.75,1.192973256,
568.25,1.194669366,
568.75,1.193867445,
569.25,1.192964315,
569.75,1.193677306,
570.25,1.193594575,
570.75,1.193781018,
571.25,1.193874359,
571.75,1.193106174,
572.25,1.193637252,
572.75,1.193637133,
573.25,1.193445563,
573.75,1.192764521,
574.25,1.192764282,
574.75,1.194431782,
575.25,1.19403398,
575.75,1.193795085,
576.25,1.19306457,
576.75,1.193822503,
577.25,1.193660975,
577.75,1.194110513,
578.25,1.19374311,
578.75,1.192321301,
579.25,1.193855762,
579.75,1.192666888,
580.25,1.192917943,
580.75,1.193087101,
581.25,1.193613768,
581.75,1.193821788,
582.25,1.194667339,
582.75,1.194344997,
583.25,1.193098545,
583.75,1.194098949,
584.25,1.193995833,
584.75,1.19378829,
585.25,1.193520665,
585.75,1.194080949,
586.25,1.194774628,
586.75,1.193557143,
587.25,1.195003629,
587.75,1.192740202,
588.25,1.19416368,
588.75,1.193271756,
589.25,1.194188356,
589.75,1.192612052,
590.25,1.194395304,
590.75,1.1946913,
591.25,1.193895698,
591.75,1.193950176,
592.25,1.193661571,
592.75,1.194241405,
593.25,1.193616152,
593.75,1.193132877,
594.25,1.193408966,
594.75,1.193159461,
595.25,1.19385922,
595.75,1.193390369,
596.25,1.194287419,
596.75,1.195036411,
597.25,1.194058537,
597.75,1.193233252,
598.25,1.194065928,
598.75,1.194015265,
599.25,1.19317162,
599.75,1.194018126,
600.25,1.193380713,
600.75,1.194066286,
601.25,1.193866014,
601.75,1.193872213,
602.25,1.194104552,
602.75,1.194020033,
603.25,1.193620324,
603.75,1.19336617,
604.25,1.193530202,
604.75,1.193780422,
605.25,1.19377172,
605.75,1.194154978,
606.25,1.193501115,
606.75,1.195092201,
607.25,1.193789601,
607.75,1.193965554,
608.25,1.194300532,
608.75,1.193247199,
609.25,1.19428277,
609.75,1.193572402,
610.25,1.193452477,
610.75,1.193968654,
611.25,1.193048716,
611.75,1.193511605,
612.25,1.193284512,
612.75,1.193741322,
613.25,1.192470789,
613.75,1.193505645,
614.25,1.194418192,
614.75,1.1929667,
615.25,1.193181992,
615.75,1.193514824,
616.25,1.193715453,
616.75,1.193192005,
617.25,1.194258451,
617.75,1.194329739,
618.25,1.194548249,
618.75,1.193135262,
619.25,1.194036603,
619.75,1.19265759,
620.25,1.193040967,
620.75,1.193736553,
621.25,1.193471789,
621.75,1.194039702,
622.25,1.194616795,
622.75,1.192450643,
623.25,1.193778276,
623.75,1.19480288,
624.25,1.194325686,
624.75,1.194514871,
625.25,1.193715215,
625.75,1.193887472,
626.25,1.194839001,
626.75,1.194401145,
627.25,1.193429828,
627.75,1.193948388,
628.25,1.193949699,
628.75,1.193952203,
629.25,1.193713665,
629.75,1.192590237,
630.25,1.194216847,
630.75,1.194332719,
631.25,1.194792747,
631.75,1.194491625,
632.25,1.193621278,
632.75,1.194867015,
633.25,1.193687081,
633.75,1.194112062,
634.25,1.193701744,
634.75,1.194592834,
635.25,1.19419241,
635.75,1.194431663,
636.25,1.19435823,
636.75,1.193897605,
637.25,1.192858696,
637.75,1.192759991,
638.25,1.193787813,
638.75,1.191965461,
639.25,1.194315553,
639.75,1.194322824,
640.25,1.193437696,
640.75,1.194403648,
641.25,1.194370389,
641.75,1.19325614,
642.25,1.195121646,
642.75,1.194573522,
643.25,1.194114804,
643.75,1.193288207,
644.25,1.19491446,
644.75,1.194569945,
645.25,1.192759275,
645.75,1.193688869,
646.25,1.194030285,
646.75,1.195162416,
647.25,1.193193197,
647.75,1.193317294,
648.25,1.196097136,
648.75,1.194110274,
649.25,1.191808939,
649.75,1.193520427,
650.25,1.194407344,
650.75,1.194522858,
651.25,1.192944765,
651.75,1.193426371,
652.25,1.193871379,
652.75,1.194893837,
653.25,1.193815947,
653.75,1.193873286,
654.25,1.194265485,
654.75,1.194076061,
655.25,1.193955302,
655.75,1.194873333,
656.25,1.195031166,
656.75,1.193643808,
657.25,1.19505918,
657.75,1.193235874,
658.25,1.193604589,
658.75,1.193514347,
659.25,1.194093585,
659.75,1.192647457,
660.25,1.194871068,
660.75,1.193080425,
661.25,1.19513905,
661.75,1.193225503,
662.25,1.194278836,
662.75,1.194975495,
663.25,1.193035364,
663.75,1.19519794,
664.25,1.192495346,
664.75,1.194230676,
665.25,1.194685936,
665.75,1.194521308,
666.25,1.19404912,
666.75,1.194277644,
667.25,1.19377172,
667.75,1.194980741,
668.25,1.194163203,
668.75,1.193520546,
669.25,1.192606449,
669.75,1.193717718,
670.25,1.194636345,
670.75,1.193977118,
671.25,1.193391442,
671.75,1.194034815,
672.25,1.194244862,
672.75,1.193607926,
673.25,1.193054318,
673.75,1.193662524,
674.25,1.193134308,
674.75,1.19425559,
675.25,1.193670988,
675.75,1.19274509,
676.25,1.195288658,
676.75,1.194211841,
677.25,1.193890572,
677.75,1.193195701,
678.25,1.194875956,
678.75,1.194922924,
679.25,1.191765666,
679.75,1.194928765,
680.25,1.194200039,
680.75,1.193679571,
681.25,1.193801641,
681.75,1.193951726,
682.25,1.193676233,
682.75,1.193744302,
683.25,1.193636417,
683.75,1.194497943,
684.25,1.193871379,
684.75,1.194387078,
685.25,1.193804026,
685.75,1.194467545,
686.25,1.193930507,
686.75,1.192971945,
687.25,1.193240762,
687.75,1.194136977,
688.25,1.195506811,
688.75,1.194254756,
689.25,1.193728089,
689.75,1.192371249,
690.25,1.193021774,
690.75,1.193758249,
691.25,1.194200516,
691.75,1.194271922,
692.25,1.194766998,
692.75,1.194307208,
693.25,1.193624854,
693.75,1.193328857,
694.25,1.193431377,
694.75,1.192737103,
695.25,1.194956064,
695.75,1.194830894,
696.25,1.193671823,
696.75,1.194187164,
697.25,1.194793105,
697.75,1.19416976,
698.25,1.193793535,
698.75,1.193357348,
699.25,1.193535209,
699.75,1.193881035,
700.25,1.193634391,
700.75,1.195528507,
701.25,1.193596363,
701.75,1.193488598,
702.25,1.194230437,
702.75,1.195084214,
703.25,1.193812013,
703.75,1.195466042,
704.25,1.192922354,
704.75,1.193384051,
705.25,1.193909764,
705.75,1.193259358,
706.25,1.1941396,
706.75,1.192553997,
707.25,1.194566011,
707.75,1.193118811,
708.25,1.194380879,
708.75,1.194206595,
709.25,1.193974733,
709.75,1.194838285,
710.25,1.194103599,
710.75,1.19394803,
711.25,1.195315838,
711.75,1.193361998,
712.25,1.19423604,
712.75,1.19481647,
713.25,1.193976045,
713.75,1.194592118,
714.25,1.1935184,
714.75,1.193871975,
715.25,1.193063259,
715.75,1.193649054,
716.25,1.192868948,
716.75,1.195092916,
717.25,1.193537831,
717.75,1.194398165,
718.25,1.193711758,
718.75,1.194497347,
719.25,1.194186926,
719.75,1.193933129,
720.25,1.194984794,
720.75,1.193412662,
721.25,1.194399238,
721.75,1.193871379,
722.25,1.195723057,
722.75,1.194895506,
723.25,1.19434154,
723.75,1.195607424,
724.25,1.193646431,
724.75,1.19346261,
725.25,1.193626761,
725.75,1.194482088,
726.25,1.194972515,
726.75,1.193483829,
727.25,1.193059921,
727.75,1.195286751,
728.25,1.194382071,
728.75,1.194892049,
729.25,1.194258094,
729.75,1.193557739,
730.25,1.193406224,
730.75,1.193963408,
731.25,1.193090558,
731.75,1.193814158,
732.25,1.193120241,
732.75,1.194476962,
733.25,1.193527699,
733.75,1.193970799,
734.25,1.194359541,
734.75,1.194291472,
735.25,1.193033576,
735.75,1.195095539,
736.25,1.194687009,
736.75,1.193777204,
737.25,1.194713593,
737.75,1.194515944,
738.25,1.194993973,
738.75,1.194444656,
739.25,1.194150567,
739.75,1.193571925,
740.25,1.194088697,
740.75,1.1940732,
741.25,1.194335699,
741.75,1.193929195,
742.25,1.195190907,
742.75,1.195483446,
743.25,1.194095135,
743.75,1.192940831,
744.25,1.194211483,
744.75,1.194710135,
745.25,1.194081426,
745.75,1.194716573,
746.25,1.193727612,
746.75,1.196971774,
747.25,1.193207026,
747.75,1.195895433,
748.25,1.194076419,
748.75,1.194331765,
749.25,1.194401741,
749.75,1.193989158,
750.25,1.194264412,
750.75,1.193796396,
751.25,1.193786025,
751.75,1.19377327,
752.25,1.193570495,
752.75,1.193959713,
753.25,1.194416881,
753.75,1.193763971,
754.25,1.194186568,
754.75,1.194354177,
755.25,1.193893313,
755.75,1.195156932,
756.25,1.193955898,
756.75,1.19524765,
757.25,1.19380486,
757.75,1.193575025,
758.25,1.193839908,
758.75,1.194151402,
759.25,1.193810344,
759.75,1.193547845,
760.25,1.195436716,
760.75,1.193988562,
761.25,1.193838716,
761.75,1.194365263,
762.25,1.194162369,
762.75,1.194595337,
763.25,1.193294168,
763.75,1.193622589,
764.25,1.193946123,
764.75,1.19375062,
765.25,1.194047809,
765.75,1.193282008,
766.25,1.194047213,
766.75,1.193784118,
767.25,1.193511605,
767.75,1.195121169,
768.25,1.193559766,
768.75,1.195176721,
769.25,1.193182111,
769.75,1.194996357,
770.25,1.19432199,
770.75,1.195033789,
771.25,1.194106102,
771.75,1.194395185,
772.25,1.194978237,
772.75,1.194411516,
773.25,1.192398071,
773.75,1.194712281,
774.25,1.194059491,
774.75,1.194310784,
775.25,1.194030881,
775.75,1.193773389,
776.25,1.193784952,
776.75,1.19347167,
777.25,1.193516612,
777.75,1.195156336,
778.25,1.195060968,
778.75,1.194639921,
779.25,1.195843339,
779.75,1.19448185,
780.25,1.193168521,
780.75,1.19379735,
781.25,1.194282413,
781.75,1.19436574,
782.25,1.193740249,
782.75,1.1946733,
783.25,1.195482612,
783.75,1.193527699,
784.25,1.194543958,
784.75,1.193786383,
785.25,1.194612384,
785.75,1.193495631,
786.25,1.194452763,
786.75,1.194162607,
787.25,1.193021297,
787.75,1.193910837,
788.25,1.194905043,
788.75,1.193747401,
789.25,1.193461895,
789.75,1.194355249,
790.25,1.195284367,
790.75,1.19473815,
791.25,1.195157647,
791.75,1.193541288,
792.25,1.193883419,
792.75,1.193832278,
793.25,1.194510579,
793.75,1.194819093,
794.25,1.194245696,
794.75,1.193890929,
795.25,1.194002032,
795.75,1.1935637,
796.25,1.195465088,
796.75,1.193144917,
797.25,1.195176959,
797.75,1.193913341,
798.25,1.195031285,
798.75,1.194239378,
799.25,1.195264578,
799.75,1.193190336,
800.25,1.195960164,
800.75,1.194935799,
801.25,1.192868233,
801.75,1.194778562,
802.25,1.193440557,
802.75,1.194465756,
803.25,1.194032669,
803.75,1.194089413,
804.25,1.194694638,
804.75,1.194796085,
805.25,1.193488717,
805.75,1.19407773,
806.25,1.194287896,
806.75,1.194568396,
807.25,1.192656398,
807.75,1.194629908,
808.25,1.194465876,
808.75,1.194626927,
809.25,1.194560409,
809.75,1.193656564,
810.25,1.194227457,
810.75,1.19381249,
811.25,1.194280028,
811.75,1.192913532,
812.25,1.194335938,
812.75,1.194185615,
813.25,1.194541574,
813.75,1.193573833,
814.25,1.193481207,
814.75,1.193751097,
815.25,1.194375277,
815.75,1.194008231,
816.25,1.193427563,
816.75,1.192963481,
817.25,1.194633722,
817.75,1.194222689,
818.25,1.193196654,
818.75,1.194253087,
819.25,1.194683313,
819.75,1.193207383,
820.25,1.194472909,
820.75,1.194476604,
821.25,1.193249583,
821.75,1.194201827,
822.25,1.194943666,
822.75,1.194994688,
823.25,1.19435513,
823.75,1.195287347,
824.25,1.194498777,
824.75,1.193255901,
825.25,1.1941396,
825.75,1.193479538,
826.25,1.19415617,
826.75,1.193993449,
827.25,1.193987489,
827.75,1.193733096,
828.25,1.194145679,
828.75,1.193929911,
829.25,1.193855405,
829.75,1.193937302,
830.25,1.194638729,
830.75,1.195437193,
831.25,1.193059564,
831.75,1.195925713,
832.25,1.194491148,
832.75,1.194415927,
833.25,1.194424987,
833.75,1.194755912,
834.25,1.192969799,
834.75,1.194970489,
835.25,1.194365263,
835.75,1.193607211,
836.25,1.194621921,
836.75,1.193759084,
837.25,1.193823457,
837.75,1.195353389,
838.25,1.194350123,
838.75,1.194582224,
839.25,1.193386674,
839.75,1.194247961,
840.25,1.194720864,
840.75,1.19555819,
841.25,1.193959355,
841.75,1.194573641,
842.25,1.194117546,
842.75,1.193996072,
843.25,1.194307685,
843.75,1.193776846,
844.25,1.193679929,
844.75,1.194188237,
845.25,1.195164442,
845.75,1.193338394,
846.25,1.194751859,
846.75,1.195282578,
847.25,1.194728255,
847.75,1.193634748,
848.25,1.195141792,
848.75,1.194589376,
849.25,1.195252776,
849.75,1.194329858,
850.25,1.194727182,
850.75,1.194996238,
851.25,1.19483304,
851.75,1.194045186,
852.25,1.194278002,
852.75,1.195114374,
853.25,1.193144321,
853.75,1.193901896,
854.25,1.193760514,
854.75,1.195112824,
855.25,1.194645047,
855.75,1.193689346,
856.25,1.194649458,
856.75,1.194472432,
857.25,1.193598628,
857.75,1.19332099,
858.25,1.193490267,
858.75,1.195083976,
859.25,1.194384456,
859.75,1.193630576,
860.25,1.194936633,
860.75,1.194102764,
861.25,1.194804311,
861.75,1.193303704,
862.25,1.195748687,
862.75,1.19530642,
863.25,1.194629908,
863.75,1.193773746,
864.25,1.194203496,
864.75,1.19365561,
865.25,1.19454205,
865.75,1.194003224,
866.25,1.194515347,
866.75,1.194208503,
867.25,1.194535255,
867.75,1.193996191,
868.25,1.194568872,
868.75,1.194922566,
869.25,1.194291234,
869.75,1.194339633,
870.25,1.194022536,
870.75,1.194246769,
871.25,1.193727255,
871.75,1.195842385,
872.25,1.193496585,
872.75,1.195176125,
873.25,1.193960786,
873.75,1.19411099,
874.25,1.194571614,
874.75,1.19500351,
875.25,1.194258332,
875.75,1.193237662,
876.25,1.193758845,
876.75,1.194553018,
877.25,1.194687963,
877.75,1.194760561,
878.25,1.194621444,
878.75,1.194677591,
879.25,1.195261359,
879.75,1.19453299,
880.25,1.194959879,
880.75,1.194410801,
881.25,1.194036603,
881.75,1.194179535,
882.25,1.194323182,
882.75,1.194677472,
883.25,1.194758534,
883.75,1.194008231,
884.25,1.194434285,
884.75,1.194617867,
885.25,1.193500638,
885.75,1.196097612,
886.25,1.194156885,
886.75,1.195058107,
887.25,1.195825458,
887.75,1.194841266,
888.25,1.194510937,
888.75,1.194670081,
889.25,1.19370985,
889.75,1.193422675,
890.25,1.194054127,
890.75,1.194103241,
891.25,1.194154263,
891.75,1.193600059,
892.25,1.194173217,
892.75,1.195061207,
893.25,1.195058703,
893.75,1.194622159,
894.25,1.194306493,
894.75,1.194300771,
895.25,1.194270134,
895.75,1.19422102,
896.25,1.193347454,
896.75,1.194893241,
897.25,1.19525528,
897.75,1.194427609,
898.25,1.193933487,
898.75,1.194531679,
899.25,1.194272399,
899.75,1.195090532,
900.25,1.193204284,

SetB.run4,
SetB.run4
Collection Time: 2023-01-24 17:11:48
Operator Name  :
Kinetics Version 5.0.0.999
Parameter List :
Instrument  Cary 60
Instrument version  2.00
Wavelength (nm)  665.0
Ordinate mode  Abs
Ave Time (sec)  0.5005
Cycle Time(sec)  0.00
Stop Time(sec)  900.00
Method Log     :
Method Name    : C:\Users\chemlab\Desktop\CHEM432Fall2022_SarahJames+KnowltonKershner\Phosphatase Kinetics\Week 2\10mM Inhibitor\Excel\KSD.Meth
Date/Time stamp: 2023-01-24 15:55:46
Method Modifications:
Read WL1 Changed: 2023-01-24 15:52:55, Old:  500.0, New:  665.0
Stop Time 1 Changed: 2023-01-24 15:52:55, Old:     1.00, New:     3.00
Saved as C:\Users\chemlab\Desktop\CHEM432Fall2022_SarahJames+KnowltonKershner\Phosphatase Kinetics\Week 2\10mM Inhibitor\Excel\KSD.MethSaved as C:\Users\chemlab\Desktop\CHEM432Fall2022_SarahJames+KnowltonKershner\Phosphatase Kinetics\Week 2\10mM Inhibitor\Excel\KSD1.BKNSaved as C:\Users\chemlab\Desktop\CHEM432Fall2022_SarahJames+KnowltonKershner\Phosphatase Kinetics\Week 2\10mM Inhibitor\Excel\KSD1.BKNUVVIS SAT Changed: 2023-01-24 16:02:47, Old:0.1000, New:0.5000
Common SAT Changed: 2023-01-24 16:02:47, Old:0.1000, New:0.5000
Stop Time 1 Changed: 2023-01-24 16:02:47, Old:     3.00, New:   600.00
Calc Stop 1 Changed: 2023-01-24 16:02:47, Old:    10.00, New:   600.00
X mode Changed: 2023-01-24 16:02:47, Old:min, New:sec
Saved as C:\Users\chemlab\Desktop\CHEM432Fall2022_SarahJames+KnowltonKershner\Phosphatase Kinetics\Week 2\10mM Inhibitor\Excel\junk.BKNSaved as C:\Users\chemlab\Desktop\CHEM432Fall2022_SarahJames+KnowltonKershner\Phosphatase Kinetics\Week 2\10mM Inhibitor\Excel\junk1.BKNSaved as C:\Users\chemlab\Desktop\CHEM432Fall2022_SarahJames+KnowltonKershner\Phosphatase Kinetics\Week 2\10mM Inhibitor\Excel\junk2.BKNSaved as C:\Users\chemlab\Desktop\CHEM 323\Spring 2023\KSD.BKNSaved as C:\Users\chemlab\Desktop\CHEM 323\Spring 2023\SetArun3.BKNSaved as C:\Users\chemlab\Desktop\CHEM 323\Spring 2023\SetArun5.BKNSaved as C:\Users\chemlab\Desktop\CHEM 323\Spring 2023\SetBrun2.BKNSaved as C:\Users\chemlab\Desktop\CHEM 323\Spring 2023\SetBrun2.BKNStop Time 1 Changed: 2023-01-24 16:56:41, Old:   600.00, New:   900.00
Saved as C:\Users\chemlab\Desktop\CHEM 323\Spring 2023\SetBrun3.BKNSaved as C:\Users\chemlab\Desktop\CHEM 323\Spring 2023\SetBrun4.BKN
End Method Modifications
<Current Wavelength> , 665.0
<Cycle Count> , 1

