T3,,
Time (min),Abs,
0.0008333333535,0.6892138124,
0.002499999944,0.6850004792,
0.004166666884,0.6847125292,
0.005833333824,0.6825830936,
0.007500000298,0.6819349527,
0.009166667238,0.6800202727,
0.01083333418,0.6801118851,
0.01250000019,0.6785723567,
0.01416666713,0.6779928803,
0.01583333313,0.6769295931,
0.01750000007,0.6765280962,
0.01916666701,0.6767324209,
0.02083333395,0.6750941277,
0.02249999903,0.674115181,
0.02416666597,0.6722196341,
0.02583333291,0.6702674627,
0.02749999985,0.6684890985,
0.02916666679,0.6660941243,
0.03083333187,0.6645528674,
0.03249999881,0.6631474495,
0.03416666761,0.6619176269,
0.03583333269,0.6598772407,
0.03750000149,0.6578599811,
0.03916666657,0.6581375599,
0.04083333537,0.6566614509,
0.04250000045,0.656473279,
0.04416666552,0.6549347639,
0.04583333433,0.6539728642,
0.0474999994,0.6526025534,
0.04916666821,0.6508162022,
0.05083333328,0.6484160423,
0.05249999836,0.6478033066,
0.05416666716,0.6458016038,
0.05583333224,0.6445950866,
0.05750000104,0.6439287663,
0.05916666612,0.64277035,
0.0608333312,0.64112854,
0.0625,0.6398608088,
0.06416666508,0.6397209167,
0.0658333376,0.639123559,
0.06750000268,0.6375479102,
0.06916666776,0.6350713968,
0.07083333284,0.6330146194,
0.07250000536,0.6315024495,
0.07416667044,0.6298209429,
0.07583333552,0.6282151937,
0.0775000006,0.6272364855,
0.07916666567,0.6261983514,
0.0808333382,0.6254861951,
0.08250000328,0.6236751676,
0.08416666836,0.6226294637,
0.08583333343,0.6215413213,
0.08749999851,0.6196127534,
0.08916667104,0.6184673905,
0.09083333611,0.6172015667,
0.09250000119,0.6156776547,
0.09416666627,0.6145296097,
0.09583333135,0.6129651666,
0.09750000387,0.6122109294,
0.09916666895,0.6112251878,
0.100833334,0.6100697517,
0.1024999991,0.6082627177,
0.1041666642,0.6072344184,
0.1058333367,0.6062321663,
0.1075000018,0.6050023437,
0.1091666669,0.60369277,
0.1108333319,0.6024075747,
0.112499997,0.6008079648,
0.1141666695,0.6004678607,
0.1158333346,0.598720789,
0.1174999997,0.5970688462,
0.1191666648,0.5971314907,
0.1208333299,0.595469594,
0.1225000024,0.5945235491,
0.1241666675,0.5929042697,
0.1258333325,0.5916192532,
0.1274999976,0.5902493596,
0.1291666627,0.58937186,
0.1308333427,0.5886579156,
0.1325000077,0.5871403217,
0.1341666728,0.5858235359,
0.1358333379,0.5846067667,
0.137500003,0.5825911164,
0.1391666681,0.5829947591,
0.1408333331,0.5812004805,
0.1424999982,0.5793840885,
0.1441666782,0.5780311823,
0.1458333284,0.5771583319,
0.1475000083,0.5761731267,
0.1491666585,0.5747812986,
0.1508333385,0.5733244419,
0.1525000036,0.5717856288,
0.1541666687,0.5712684393,
0.1558333337,0.5695743561,
0.1574999988,0.5682199597,
0.1591666639,0.5668780208,
0.1608333439,0.5651711226,
0.162499994,0.5643894076,
0.164166674,0.5632282495,
0.1658333242,0.5610686541,
0.1675000042,0.5602933168,
0.1691666692,0.5595565438,
0.1708333343,0.5577881336,
0.1724999994,0.556296587,
0.1741666645,0.5554639101,
0.1758333296,0.5543342829,
0.1775000095,0.5527917147,
0.1791666597,0.5518903136,
0.1808333397,0.5504778624,
0.1824999899,0.5498694777,
0.1841666698,0.5483663082,
0.1858333349,0.5467371345,
0.1875,0.5462167859,
0.1891666651,0.5443847775,
0.1908333302,0.5432964563,
0.1924999952,0.5424183011,
0.1941666752,0.5413601995,
0.1958333254,0.5394861102,
0.1975000054,0.538608253,
0.1991666555,0.5379218459,
0.2008333355,0.5364482999,
0.2025000006,0.5347123146,
0.2041666657,0.5341902375,
0.2058333308,0.5328246951,
0.2074999958,0.5313591957,
0.2091666609,0.5302721262,
0.2108333409,0.5291301012,
0.2124999911,0.5277459621,
0.214166671,0.5264273882,
0.2158333212,0.5255063176,
0.2175000012,0.5246750116,
0.2191666663,0.5229602456,
0.2208333313,0.5221417546,
0.2224999964,0.5208420753,
0.2241666615,0.5196710229,
0.2258333266,0.5186423659,
0.2275000066,0.5175378323,
0.2291666567,0.516266346,
0.2308333367,0.5148588419,
0.2324999869,0.513687253,
0.2341666669,0.5131084323,
0.2358333319,0.5114910007,
0.237499997,0.5106931925,
0.2391666621,0.5096951723,
0.2408333272,0.5084819794,
0.2424999923,0.5071186423,
0.2441666722,0.5061506033,
0.2458333224,0.5044890642,
0.2475000024,0.5041745901,
0.2491666526,0.5030845404,
0.2508333325,0.5017682314,
0.2524999976,0.5004473925,
0.2541666627,0.4994283915,
0.2558333278,0.4977166355,
0.2574999928,0.4972319603,
0.2591666579,0.4960304499,
0.2608333528,0.4947374463,
0.2624999881,0.494093895,
0.264166683,0.4930131733,
0.2658333182,0.4920488894,
0.2675000131,0.4907823503,
0.2691666782,0.4895465076,
0.2708333433,0.4889136851,
0.2724999785,0.4873949289,
0.2741666734,0.4864422083,
0.2758333385,0.4856376946,
0.2775000036,0.4844935536,
0.2791666687,0.4837347865,
0.2808333337,0.4821184278,
0.2824999988,0.4813763499,
0.2841666639,0.4806077182,
0.285833329,0.4793826044,
0.2875000238,0.4775151014,
0.2891666591,0.4768574536,
0.2908333242,0.4760648012,
0.2924999893,0.4746462405,
0.2941666842,0.4737241864,
0.2958333492,0.4725933671,
0.2974999845,0.4714744091,
0.2991666496,0.4698297083,
0.3008333445,0.4689952135,
0.3025000095,0.4675895274,
0.3041666746,0.4668685794,
0.3058333099,0.4657611251,
0.3075000048,0.4645554721,
0.3091666698,0.4631796777,
0.3108333349,0.4621401727,
0.3125,0.4610629082,
0.3141666651,0.4597721696,
0.3158333302,0.4588887095,
0.3174999952,0.4578730762,
0.3191666603,0.4568057954,
0.3208333552,0.4556837976,
0.3224999905,0.4547828138,
0.3241666555,0.4534254372,
0.3258333206,0.4527824819,
0.3275000155,0.4516165853,
0.3291666806,0.4503977597,
0.3308333158,0.4492244124,
0.3324999809,0.4478072524,
0.3341666758,0.4471324086,
0.3358333409,0.4458488226,
0.337500006,0.4447031915,
0.3391666412,0.4439140558,
0.3408333361,0.4429508746,
0.3425000012,0.4412726462,
0.3441666663,0.4403706491,
0.3458333313,0.4391919672,
0.3474999964,0.4379120171,
0.3491666615,0.4371211827,
0.3508333266,0.4362079501,
0.3524999917,0.4352378249,
0.3541666865,0.4336841404,
0.3558333218,0.4328975677,
0.3574999869,0.431858778,
0.359166652,0.4309122562,
0.3608333468,0.430047363,
0.3625000119,0.4286520183,
0.3641666472,0.4278023839,
0.3658333123,0.4264831245,
0.3675000072,0.4256086051,
0.3691666722,0.4247936904,
0.3708333373,0.4234457016,
0.3724999726,0.4223256707,
0.3741666675,0.4210748374,
0.3758333325,0.4200642109,
0.3774999976,0.4189351797,
0.3791666925,0.4181893468,
0.3808333278,0.4176170826,
0.3824999928,0.4160286486,
0.3841666579,0.4149083495,
0.3858333528,0.4141125083,
0.3875000179,0.4130957723,
0.3891666532,0.4117006958,
0.3908333182,0.4105760157,
0.3925000131,0.41010499,
0.3941666782,0.4088617265,
0.3958333433,0.4077326953,
0.3974999785,0.4065193832,
0.3991666734,0.4056960344,
0.4008333385,0.4050672054,
0.4025000036,0.4039692879,
0.4041666687,0.4028761983,
0.4058333337,0.4023643732,
0.4074999988,0.4015578032,
0.4091666639,0.4005705714,
0.410833329,0.3998059034,
0.4125000238,0.3990687132,
0.4141666591,0.3977009654,
0.4158333242,0.3967972696,
0.4174999893,0.3957415521,
0.4191666842,0.394307524,
0.4208333492,0.3937556148,
0.4224999845,0.3929627538,
0.4241666496,0.3916606009,
0.4258333445,0.3907485008,
0.4275000095,0.389447242,
0.4291666746,0.3883756697,
0.4308333099,0.3873281479,
0.4325000048,0.3863862753,
0.4341666698,0.3855202794,
0.4358333349,0.383864224,
0.4375,0.3822262585,
0.4391666651,0.3815192878,
0.4408333302,0.3803887069,
0.4424999952,0.3795264959,
0.4441666603,0.3780462146,
0.4458333552,0.3772698045,
0.4474999905,0.3764854372,
0.4491666555,0.3756442964,
0.4508333206,0.3746908605,
0.4525000155,0.3740215898,
0.4541666806,0.3728935421,
0.4558333158,0.372191757,
0.4574999809,0.370969981,
0.4591666758,0.3703445792,
0.4608333409,0.3691825867,
0.462500006,0.3680437803,
0.4641666412,0.3667288125,
0.4658333361,0.3661364615,
0.4675000012,0.3651355207,
0.4691666663,0.3642876148,
0.4708333313,0.3627753258,
0.4724999964,0.3619922698,
0.4741666615,0.3606207669,
0.4758333266,0.3595854938,
0.4774999917,0.3587002754,
0.4791666865,0.3579875231,
0.4808333218,0.3568125963,
0.4824999869,0.3558041751,
0.484166652,0.3547650278,
0.4858333468,0.3538138568,
0.4875000119,0.3534305692,
0.4891666472,0.3516529202,
0.4908333123,0.3511068523,
0.4925000072,0.3501930535,
0.4941666722,0.3492573202,
0.4958333373,0.3478483856,
0.4974999726,0.3472188711,
0.4991666675,0.3463134468,
0.5008333325,0.345523864,
0.5024999976,0.3444220722,
0.5041666627,0.3437857926,
0.5058333278,0.3427823186,
0.5074999928,0.3420731723,
0.5091666579,0.3408265114,
0.510833323,0.3398298323,
0.5124999881,0.3391723633,
0.5141666532,0.3381780684,
0.5158333182,0.3369922638,
0.5174999833,0.3363901079,
0.5191666484,0.3356139064,
0.5208333731,0.3344556391,
0.5224999785,0.3337811232,
0.5241666436,0.3326848149,
0.5258333087,0.3316389322,
0.5275000334,0.3307133019,
0.5291666985,0.3299095631,
0.5308333039,0.3289837539,
0.532499969,0.3281950951,
0.5341666937,0.3273535967,
0.5358332992,0.3261848092,
0.5375000238,0.3256911933,
0.5391666293,0.3243074417,
0.540833354,0.3236562312,
0.5425000191,0.3228777051,
0.5441666245,0.3221097887,
0.5458333492,0.3210709393,
0.5475000143,0.320068419,
0.5491666794,0.3192954063,
0.5508333445,0.3184054792,
0.5524999499,0.3176507056,
0.5541666746,0.3164859712,
0.5558333397,0.3158468604,
0.5575000048,0.31512326,
0.5591666698,0.3140510917,
0.5608333349,0.3130197227,
0.5625,0.3119322956,
0.5641666651,0.3116496801,
0.5658333302,0.3102915287,
0.5674999952,0.3096052706,
0.5691666603,0.3088726699,
0.5708333254,0.3078813255,
0.5724999905,0.3073794842,
0.5741667151,0.3061196208,
0.5758333206,0.3053714335,
0.5774999857,0.304521054,
0.5791666508,0.3033306003,
0.5808333158,0.3025604188,
0.5825000405,0.3019777834,
0.584166646,0.3011045158,
0.5858333111,0.3003485501,
0.5875000358,0.2995198965,
0.5891666412,0.2986858487,
0.5908333659,0.2980705798,
0.5924999714,0.2967941463,
0.5941666365,0.2961807251,
0.5958333611,0.295348227,
0.5974999666,0.2944150567,
0.5991666913,0.2936398685,
0.6008333564,0.2929145694,
0.6024999619,0.2917986214,
0.6041666865,0.2912876308,
0.605833292,0.2902101874,
0.6075000167,0.2897203863,
0.6091666818,0.2890624702,
0.6108332872,0.2882607579,
0.6125000119,0.2873569429,
0.614166677,0.2866150141,
0.6158333421,0.2859426737,
0.6175000072,0.2852567136,
0.6191666126,0.2845081687,
0.6208333373,0.2836640179,
0.6225000024,0.2826894224,
0.6241666675,0.2821433246,
0.6258333325,0.2812960744,
0.6274999976,0.2806890309,
0.6291666627,0.279881537,
0.6308333278,0.2792046368,
0.6325000525,0.2780851126,
0.6341666579,0.2771002352,
0.635833323,0.2765875161,
0.6374999881,0.2757093608,
0.6391666532,0.2750618756,
0.6408333778,0.2740684748,
0.6424999833,0.2735027671,
0.6441666484,0.2723686099,
0.6458333731,0.2716962695,
0.6474999785,0.2709092796,
0.6491667032,0.2699271441,
0.6508333087,0.2692539692,
0.6524999738,0.2684469521,
0.6541666985,0.267413795,
0.6558333039,0.2668266892,
0.6575000286,0.2660034299,
0.6591666937,0.2650537491,
0.6608332992,0.2643212974,
0.6625000238,0.2635284364,
0.6641666293,0.2629821002,
0.665833354,0.2620931864,
0.6675000191,0.2614121735,
0.6691666245,0.2608456314,
0.6708333492,0.2597934306,
0.6725000143,0.2590023279,
0.6741666794,0.2585098445,
0.6758333445,0.2577636838,
0.6774999499,0.2568699718,
0.6791666746,0.2561296523,
0.6808333397,0.2553142309,
0.6825000048,0.2548077106,
0.6841666698,0.2540480196,
0.6858333349,0.2532437742,
0.6875,0.2523345351,
0.6891666651,0.2519286573,
0.6908333302,0.2509693205,
0.6924999952,0.2502711713,
0.6941666603,0.2495431304,
0.6958333254,0.2490175813,
0.6974999905,0.2481880337,
0.6991667151,0.2476872355,
0.7008333206,0.2468905598,
0.7024999857,0.2461446673,
0.7041666508,0.2453496456,
0.7058333158,0.2445766181,
0.7075000405,0.2440731972,
0.709166646,0.2430994213,
0.7108333111,0.2426189333,
0.7125000358,0.2418691814,
0.7141666412,0.2411001921,
0.7158333659,0.2405728549,
0.7174999714,0.2398824245,
0.7191666365,0.2390264571,
0.7208333611,0.2383343577,
0.7224999666,0.2376907021,
0.7241666913,0.2365984917,
0.7258333564,0.2362331748,
0.7274999619,0.2353583723,
0.7291666865,0.2345329374,
0.730833292,0.2343516052,
0.7325000167,0.2335193008,
0.7341666818,0.2326602042,
0.7358332872,0.2319360822,
0.7375000119,0.2311595231,
0.739166677,0.2302597165,
0.7408333421,0.2299794853,
0.7425000072,0.2290814966,
0.7441666126,0.2285913378,
0.7458333373,0.2279054224,
0.7475000024,0.2271602601,
0.7491666675,0.2267757505,
0.7508333325,0.2258042544,
0.7524999976,0.2253207266,
0.7541666627,0.2244429886,
0.7558333278,0.2239364833,
0.7575000525,0.2228201926,
0.7591666579,0.2224132419,
0.760833323,0.2219117284,
0.7624999881,0.2210566103,
0.7641666532,0.2204645276,
0.7658333778,0.2199259549,
0.7674999833,0.2192550451,
0.7691666484,0.2185279578,
0.7708333731,0.2179360539,
0.7724999785,0.217187956,
0.7741667032,0.2166328728,
0.7758333087,0.2161500007,
0.7774999738,0.2154543996,
0.7791666985,0.2147019804,
0.7808333039,0.2140002251,
0.7825000286,0.2133955956,
0.7841666937,0.2127099186,
0.7858332992,0.2119614482,
0.7875000238,0.211612314,
0.7891666293,0.2108853608,
0.790833354,0.210361138,
0.7925000191,0.2097677588,
0.7941666245,0.2089565992,
0.7958333492,0.2082882971,
0.7975000143,0.2074858248,
0.7991666794,0.2070183456,
0.8008333445,0.2065481544,
0.8024999499,0.2055608481,
0.8041666746,0.2052421123,
0.8058333397,0.2046490461,
0.8075000048,0.2041043639,
0.8091666698,0.2031521052,
0.8108333349,0.2027411014,
0.8125,0.2021791488,
0.8141666651,0.2014499754,
0.8158333302,0.2009651363,
0.8174999952,0.2000884414,
0.8191666603,0.1997042447,
0.8208333254,0.1991976798,
0.8224999905,0.1984041184,
0.8241667151,0.1975612938,
0.8258333206,0.1971163899,
0.8274999857,0.1963580698,
0.8291666508,0.1956044883,
0.8308333158,0.1953500062,
0.8325000405,0.1944506913,
0.834166646,0.1940089613,
0.8358333111,0.1933552325,
0.8375000358,0.1927949935,
0.8391666412,0.1923061609,
0.8408333659,0.1916601807,
0.8424999714,0.190924421,
0.8441666365,0.1898638457,
0.8458333611,0.1895283014,
0.8474999666,0.1890031397,
0.8491666913,0.1882933825,
0.8508333564,0.1875174493,
0.8524999619,0.1870260835,
0.8541666865,0.1864687502,
0.855833292,0.1860237271,
0.8575000167,0.1853367537,
0.8591666818,0.1847444177,
0.8608332872,0.1841283143,
0.8625000119,0.1832705587,
0.864166677,0.183155939,
0.8658333421,0.1824096441,
0.8675000072,0.1821005195,
0.8691666126,0.1815840155,
0.8708333373,0.1810739487,
0.8725000024,0.1805968285,
0.8741666675,0.180072993,
0.8758333325,0.1792638302,
0.8774999976,0.1789262146,
0.8791666627,0.1785657406,
0.8808333278,0.1777692586,
0.8825000525,0.1772034466,
0.8841666579,0.1769687682,
0.885833323,0.1763377637,
0.8874999881,0.175586611,
0.8891666532,0.1749386638,
0.8908333778,0.1746774167,
0.8924999833,0.1741370708,
0.8941666484,0.1734619588,
0.8958333731,0.1728392541,
0.8974999785,0.1725027859,
0.8991667032,0.1718227416,
0.9008333087,0.1713035703,
0.9024999738,0.1708286256,
0.9041666985,0.170336768,
0.9058333039,0.1696244031,
0.9075000286,0.1689362079,
0.9091666937,0.1684229076,
0.9108332992,0.1677220315,
0.9125000238,0.167306453,
0.9141666293,0.1668370813,
0.915833354,0.1662167013,
0.9175000191,0.1657356024,
0.9191666245,0.165389508,
0.9208333492,0.1646399796,
0.9225000143,0.1640462577,
0.9241666794,0.1639023572,
0.9258333445,0.1630021781,
0.9274999499,0.162559554,
0.9291666746,0.1619373858,
0.9308333397,0.1615575552,
0.9325000048,0.1611237526,
0.9341666698,0.1605496407,
0.9358333349,0.159975931,
0.9375,0.1594743729,
0.9391666651,0.159112066,
0.9408333302,0.1585794389,
0.9424999952,0.1578777134,
0.9441666603,0.1573633701,
0.9458333254,0.157022506,
0.9474999905,0.1564860344,
0.9491667151,0.1560440809,
0.9508333206,0.1556119323,
0.9524999857,0.1549365073,
0.9541666508,0.1546764076,
0.9558333158,0.1540310383,
0.9575000405,0.1535912007,
0.959166646,0.1529817432,
0.9608333111,0.152489081,
0.9625000358,0.1519264281,
0.9641666412,0.1516334414,
0.9658333659,0.151310131,
0.9674999714,0.1505212635,
0.9691666365,0.1498958915,
0.9708333611,0.1496318132,
0.9724999666,0.149007529,
0.9741666913,0.1485049278,
0.9758333564,0.1482587755,
0.9774999619,0.1476505697,
0.9791666865,0.1470921785,
0.980833292,0.1467701644,
0.9825000167,0.1460412741,
0.9841666818,0.145576179,
0.9858332872,0.1451782584,
0.9875000119,0.1446353942,
0.989166677,0.143983081,
0.9908333421,0.1436705738,
0.9925000072,0.1433275342,
0.9941666126,0.1427778006,
0.9958333373,0.1423465759,
0.9975000024,0.1418383121,
0.9991666675,0.1412020773,
1.000833392,0.1407592148,
1.002500057,0.140457958,
1.004166722,0.1400271356,
1.005833387,0.1394304186,
1.007500052,0.1389460862,
1.009166718,0.138482213,
1.010833383,0.1379863024,
1.012500048,0.1376733184,
1.014166713,0.1373326778,
1.015833378,0.1366111487,
1.017500043,0.1363341808,
1.019166708,0.1358775944,
1.020833373,0.1353543103,
1.022500038,0.135099709,
1.024166703,0.1345189959,
1.025833368,0.1340098679,
1.027500033,0.1335174739,
1.029166698,0.1332858354,
1.030833364,0.1330618411,
1.032500029,0.1324158907,
1.034166694,0.1318517625,
1.035833359,0.1314007789,
1.037500024,0.1310545802,
1.039166689,0.1307037771,
1.040833473,0.1304050088,
1.042500019,0.1297816038,
1.044166684,0.1295478642,
1.045833349,0.1291682124,
1.047500014,0.1285860538,
1.049166799,0.1281559914,
1.050833344,0.1276880205,
1.05250001,0.1272848845,
1.054166794,0.1268865764,
1.05583334,0.126346007,
1.057500124,0.1261074245,
1.05916667,0.1255586892,
1.060833335,0.1251698434,
1.062500119,0.124735117,
1.064166665,0.1245367602,
1.065833449,0.1240744218,
1.067500114,0.1236884147,
1.06916666,0.123401314,
1.070833325,0.1231247857,
1.07250011,0.1225571781,
1.074166775,0.1223229319,
1.07583344,0.1221227571,
1.077499986,0.1212239489,
1.079166651,0.1210704297,
1.080833435,0.1207633093,
1.0825001,0.1201699004,
1.084166765,0.1196138412,
1.085833311,0.1191848442,
1.087499976,0.118980974,
1.08916676,0.118682608,
1.090833426,0.1184448004,
1.092500091,0.1178616434,
1.094166756,0.1175741255,
1.095833302,0.1171257123,
1.097500086,0.1165423617,
1.099166751,0.1162294224,
1.100833416,0.1157867238,
1.102500081,0.1154833511,
1.104166627,0.1150296703,
1.105833411,0.1145487949,
1.107500076,0.1143194288,
1.109166741,0.1138237268,
1.110833406,0.1136409193,
1.112499952,0.1134763435,
1.114166737,0.1128352284,
1.115833402,0.1123885587,
1.117500067,0.1120967641,
1.119166732,0.1116951779,
1.120833397,0.1114521995,
1.122500062,0.1108946875,
1.124166727,0.1108610034,
1.125833392,0.1104169935,
1.127500057,0.1100957021,
1.129166722,0.1097347215,
1.130833387,0.1094650552,
1.132500052,0.1090987325,
1.134166718,0.1094030738,
1.135833383,0.10917788,
1.137500048,0.1091946214,
1.139166832,0.1090344787,
1.140833378,0.1090870202,
1.142500043,0.1088946164,
1.144166708,0.1085365936,
1.145833373,0.1081281528,
1.147500157,0.1080428958,
1.149166703,0.1078086495,
1.150833368,0.1073911488,
1.152500033,0.1070799679,
1.154166698,0.1065111086,
1.155833483,0.106186837,
1.157500029,0.1058273017,
1.159166694,0.1050269306,
1.160833359,0.1045444831,
1.162500024,0.1039513648,
1.164166808,0.1035547704,
1.165833473,0.1028065905,
1.167500019,0.1023662761,
1.169166684,0.1015196592,
1.170833349,0.1012138054,
1.172500134,0.1010145023,
1.174166799,0.1006402597,
1.175833344,0.09995344281,
1.17750001,0.09981116652,
1.179166675,0.09952216595,
1.180833459,0.09893993288,
1.182500124,0.09890397638,
1.18416667,0.09833110869,
1.185833335,0.09811794013,
1.1875,0.09795423597,
1.189166784,0.09732010216,
1.190833449,0.09708399326,
1.192500114,0.09672030061,
1.19416666,0.09658093005,
1.195833325,0.09597129375,
1.19750011,0.09570368379,
1.199166775,0.09555027634,
1.20083344,0.09519263357,
1.202499986,0.09483043104,
1.204166651,0.09435199946,
1.205833435,0.09439381957,
1.2075001,0.09366483241,
1.209166765,0.09361071885,
1.210833311,0.09334808588,
1.212499976,0.09295028448,
1.21416676,0.09252074361,
1.215833426,0.09250430763,
1.217500091,0.09216552228,
1.219166756,0.09171591699,
1.220833302,0.09138771147,
1.222500086,0.09100458771,
1.224166751,0.09113992006,
1.225833416,0.09056188911,
1.227500081,0.09045457095,
1.229166627,0.09005325288,
1.230833411,0.08992476016,
1.232500076,0.08962291479,
1.234166741,0.08978073299,
1.235833406,0.08915701509,
1.237499952,0.08900272101,
1.239166737,0.0885066092,
1.240833402,0.08816223592,
1.242500067,0.08806248009,
1.244166732,0.08789137006,
1.245833397,0.08751540631,
1.247500062,0.08722630888,
1.249166727,0.08686742187,
1.250833392,0.08664188534,
1.252500057,0.08639306575,
1.254166722,0.08590156585,
1.255833387,0.08556901664,
1.257500052,0.08555348217,
1.259166718,0.08509793878,
1.260833383,0.0848249197,
1.262500048,0.08480993658,
1.264166832,0.08439091593,
1.265833378,0.08428771794,
1.267500043,0.08417791873,
1.269166708,0.08382540196,
1.270833373,0.08348669857,
1.272500157,0.08349441737,
1.274166703,0.08324626088,
1.275833368,0.08307910711,
1.277500033,0.08283378929,
1.279166698,0.08277405798,
1.280833483,0.08214914799,
1.282500029,0.08218865097,
1.284166694,0.08174093068,
1.285833359,0.08177086711,
1.287500024,0.08130463958,
1.289166808,0.08100391924,
1.290833473,0.0807422772,
1.292500019,0.080806382,
1.294166684,0.08025282621,
1.295833349,0.07992168516,
1.297500134,0.07977938652,
1.299166799,0.07963819057,
1.300833344,0.07919374108,
1.30250001,0.07859170437,
1.304166675,0.07871121168,
1.305833459,0.07823371142,
1.307500124,0.07793074846,
1.30916667,0.07772196829,
1.310833335,0.07702882588,
1.3125,0.07682249695,
1.314166784,0.07670792192,
1.315833449,0.076106444,
1.317500114,0.07585227489,
1.31916666,0.07562237233,
1.320833325,0.07548279315,
1.32250011,0.07516697049,
1.324166775,0.07485979795,
1.32583344,0.07487224787,
1.327499986,0.07429711521,
1.329166651,0.07421302795,
1.330833435,0.07367930561,
1.3325001,0.07385448366,
1.334166765,0.07365378737,
1.335833311,0.07318793982,
1.337499976,0.07309239358,
1.33916676,0.07277943194,
1.340833426,0.07235723734,
1.342500091,0.07217884809,
1.344166756,0.07209033519,
1.345833302,0.07174563408,
1.347500086,0.0715945065,
1.349166751,0.07148676366,
1.350833416,0.07109975815,
1.352500081,0.07085435092,
1.354166627,0.07064377517,
1.355833411,0.07047007233,
1.357500076,0.07017548382,
1.359166741,0.07015442848,
1.360833406,0.0700257495,
1.362499952,0.06942103058,
1.364166737,0.06931595504,
1.365833402,0.06897972524,
1.367500067,0.06894887239,
1.369166732,0.06862211227,
1.370833397,0.06836767495,
1.372500062,0.06811272353,
1.374166727,0.06786841899,
1.375833392,0.06786569208,
1.377500057,0.06750857085,
1.379166722,0.06706177443,
1.380833387,0.06710170954,
1.382500052,0.06688010693,
1.384166718,0.06676417589,
1.385833383,0.06628424674,
1.387500048,0.06633255631,
1.389166832,0.06601335853,
1.390833378,0.06589154154,
1.392500043,0.06550334394,
1.394166708,0.06554500759,
1.395833373,0.06522690505,
1.397500157,0.06495022029,
1.399166703,0.06478142738,
1.400833368,0.06450610608,
1.402500033,0.06415854394,
1.404166698,0.06427366287,
1.405833483,0.06410996616,
1.407500029,0.06374374777,
1.409166694,0.06349688023,
1.410833359,0.06349023432,
1.412500024,0.0633835271,
1.414166808,0.06299585849,
1.415833473,0.06273718923,
1.417500019,0.06260591,
1.419166684,0.06253205985,
1.420833349,0.06219721958,
1.422500134,0.06215751916,
1.424166799,0.06195251644,
1.425833344,0.06172179803,
1.42750001,0.06134742126,
1.429166675,0.06116661057,
1.430833459,0.06116073951,
1.432500124,0.06080533192,
1.43416667,0.06082817167,
1.435833335,0.06042400748,
1.4375,0.06035942584,
1.439166784,0.06015274301,
1.440833449,0.06016490236,
1.442500114,0.05969084054,
1.44416666,0.05949667469,
1.445833325,0.0594599843,
1.44750011,0.05920451134,
1.449166775,0.05898945034,
1.45083344,0.05874900892,
1.452499986,0.05852383748,
1.454166651,0.05845598131,
1.455833435,0.05811607093,
1.4575001,0.05800197646,
1.459166765,0.05794645101,
1.460833311,0.05783373117,
1.462499976,0.05772006512,
1.46416676,0.05746369064,
1.465833426,0.0572630167,
1.467500091,0.05727569014,
1.469166756,0.05666462332,
1.470833302,0.05688584968,
1.472500086,0.05654993653,
1.474166751,0.05643313006,
1.475833416,0.05635360628,
1.477500081,0.05600057915,
1.479166627,0.05598953366,
1.480833411,0.05595891178,
1.482500076,0.05575351417,
1.484166741,0.05534675345,
1.485833406,0.05512180924,
1.487499952,0.0548781231,
1.489166737,0.05476798862,
1.490833402,0.0548065491,
1.492500067,0.05447913334,
1.494166732,0.0542941168,
1.495833397,0.05439538881,
1.497500062,0.05404230952,
1.499166727,0.05388707668,
1.500833392,0.05365079269,
1.502500057,0.05348404869,
1.504166722,0.05325195938,
1.505833387,0.05324590206,
1.507500052,0.05296697468,
1.509166718,0.05267113075,
1.510833383,0.0524106808,
1.512500048,0.05247394368,
1.514166832,0.05234137923,
1.515833378,0.05245373026,
1.517500043,0.05198497325,
1.519166708,0.05181729421,
1.520833373,0.05172551796,
1.522500157,0.05154531449,
1.524166703,0.05139683187,
1.525833368,0.05132428557,
1.527500033,0.05098990351,
1.529166698,0.05096932501,
1.530833483,0.05074276775,
1.532500029,0.05055538192,
1.534166694,0.05043662712,
1.535833359,0.05030848831,
1.537500024,0.05010516942,
1.539166808,0.04977340996,
1.540833473,0.04978159815,
1.542500019,0.04949362949,
1.544166684,0.04939839616,
1.545833349,0.04906851053,
1.547500134,0.04913636297,
1.549166799,0.04905538261,
1.550833344,0.04892701283,
1.55250001,0.04881449789,
1.554166675,0.04855785146,
1.555833459,0.04830821604,
1.557500124,0.04834866524,
1.55916667,0.04815511033,
1.560833335,0.04806112498,
1.5625,0.04790729284,
1.564166784,0.04791561887,
1.565833449,0.04754133895,
1.567500114,0.04748251289,
1.56916666,0.04726420343,
1.570833325,0.04724448919,
1.57250011,0.04694824666,
1.574166775,0.04695672914,
1.57583344,0.04670993984,
1.577499986,0.04663537815,
1.579166651,0.04659690335,
1.580833435,0.04636451975,
1.5825001,0.04620639607,
1.584166765,0.04589595646,
1.585833311,0.04591039941,
1.587499976,0.04593877122,
1.58916676,0.04578920081,
1.590833426,0.04551559314,
1.592500091,0.04538435861,
1.594166756,0.04520466924,
1.595833302,0.0452170819,
1.597500086,0.04486529529,
1.599166751,0.04481021687,
1.600833416,0.04478088766,
1.602500081,0.04448557645,
1.604166627,0.04441216588,
1.605833411,0.04423285276,
1.607500076,0.04428089038,
1.609166741,0.04390339926,
1.610833406,0.04376658052,
1.612499952,0.0435670726,
1.614166737,0.04356775805,
1.615833402,0.0434628576,
1.617500067,0.04338344187,
1.619166732,0.0433518067,
1.620833397,0.04313461855,
1.622500062,0.04289007932,
1.624166727,0.04276552051,
1.625833392,0.04277545959,
1.627500057,0.04266047105,
1.629166722,0.0421462208,
1.630833387,0.04233757406,
1.632500052,0.04217012599,
1.634166718,0.0419594869,
1.635833383,0.04196949303,
1.637500048,0.04192515835,
1.639166832,0.04148664698,
1.640833378,0.04149459302,
1.642500043,0.04141978174,
1.644166708,0.04146321118,
1.645833373,0.04110164568,
1.647500157,0.04107837006,
1.649166703,0.0409976542,
1.650833368,0.0408202,
1.652500033,0.04070444778,
1.654166698,0.04059196636,
1.655833483,0.04050497338,
1.657500029,0.04031786323,
1.659166694,0.04036382586,
1.660833359,0.0401141122,
1.662500024,0.04011706635,
1.664166808,0.04019832611,
1.665833473,0.03999988362,
1.667500019,0.04020295665,
1.669166684,0.04002656415,
1.670833349,0.04025918618,
1.672500134,0.04026870057,
1.674166799,0.04044979438,
1.675833344,0.04082915559,
1.67750001,0.0413149707,
1.679166675,0.04215377942,
1.680833459,0.04237681255,
1.682500124,0.04279542714,
1.68416667,0.04317633063,
1.685833335,0.04368911311,
1.6875,0.04402499273,
1.689166784,0.04419914633,
1.690833449,0.04457242042,
1.692500114,0.04497377947,
1.69416666,0.04500516132,
1.695833325,0.04518413171,
1.69750011,0.04509288445,
1.699166775,0.04533430189,
1.70083344,0.04527626187,
1.702499986,0.04501730576,
1.704166651,0.04493490607,
1.705833435,0.04493369907,
1.7075001,0.04482775182,
1.709166765,0.0444335565,
1.710833311,0.04445494711,
1.712499976,0.04404177889,
1.71416676,0.0434917286,
1.715833426,0.043313995,
1.717500091,0.04294234142,
1.719166756,0.04207959399,
1.720833302,0.04200687632,
1.722500086,0.04100450873,
1.724166751,0.03997672349,
1.725833416,0.038927719,
1.727500081,0.03818659484,
1.729166627,0.0373702459,
1.730833411,0.03679862618,
1.732500076,0.03631780297,
1.734166741,0.03598662093,
1.735833406,0.03555625305,
1.737499952,0.03546579927,
1.739166737,0.03520476446,
1.740833402,0.03516375646,
1.742500067,0.03484814987,
1.744166732,0.03492382914,
1.745833397,0.03471748903,
1.747500062,0.03465630859,
1.749166727,0.03470905125,
1.750833392,0.03446181118,
1.752500057,0.03449751437,
1.754166722,0.03425938636,
1.755833387,0.03440257162,
1.757500052,0.0343410708,
1.759166718,0.03414483741,
1.760833383,0.03430400789,
1.762500048,0.03431199118,
1.764166832,0.03415830806,
1.765833378,0.03402706981,
1.767500043,0.03386276588,
1.769166708,0.03365872055,
1.770833373,0.03382028639,
1.772500157,0.03358591348,
1.774166703,0.03361791,
1.775833368,0.0334187299,
1.777500033,0.03330018371,
1.779166698,0.03346930817,
1.780833483,0.03315886855,
1.782500029,0.03323632479,
1.784166694,0.03328481317,
1.785833359,0.0329743661,
1.787500024,0.03303558752,
1.789166808,0.03275038674,
1.790833473,0.03276741132,
1.792500019,0.03278650716,
1.794166684,0.03247817233,
1.795833349,0.03255104646,
1.797500134,0.03240793571,
1.799166799,0.03246035054,
1.800833344,0.03202788532,
1.80250001,0.03211166337,
1.804166675,0.03202451393,
1.805833459,0.0320055373,
1.807500124,0.03179545328,
1.80916667,0.0318319127,
1.810833335,0.03160401061,
1.8125,0.03166417778,
1.814166784,0.03146144003,
1.815833449,0.03135850281,
1.817500114,0.03128889576,
1.81916666,0.03109144606,
1.820833325,0.03080648929,
1.82250011,0.0308821369,
1.824166775,0.03063267656,
1.82583344,0.0305637382,
1.827499986,0.03049086593,
1.829166651,0.03006016649,
1.830833435,0.03013970703,
1.8325001,0.03009406663,
1.834166765,0.03011967428,
1.835833311,0.02987195551,
1.837499976,0.02973413654,
1.83916676,0.02982772887,
1.840833426,0.02973299846,
1.842500091,0.02982747927,
1.844166756,0.02954994515,
1.845833302,0.02938735485,
1.847500086,0.02931800298,
1.849166751,0.02931598201,
1.850833416,0.02901497297,
1.852500081,0.02922296897,
1.854166627,0.02889966778,
1.855833411,0.02889870107,
1.857500076,0.02881614864,
1.859166741,0.02870952711,
1.860833406,0.02885009162,
1.862499952,0.02886160091,
1.864166737,0.02856361493,
1.865833402,0.0284764301,
1.867500067,0.02826914936,
1.869166732,0.02823505923,
1.870833397,0.02836980671,
1.872500062,0.02817232907,
1.874166727,0.02811523899,
1.875833392,0.02808433771,
1.877500057,0.028176222,
1.879166722,0.02809380926,
1.880833387,0.02772286534,
1.882500052,0.02764282748,
1.884166718,0.02796384133,
1.885833383,0.02774565853,
1.887500048,0.02813713998,
1.889166832,0.02779927664,
1.890833378,0.02784718759,
1.892500043,0.02789590321,
1.894166708,0.02785284445,
1.895833373,0.02803794667,
1.897500157,0.02804468386,
1.899166703,0.02794170007,
1.900833368,0.02814368717,
1.902500033,0.02805459686,
1.904166698,0.02813667059,
1.905833483,0.02821188234,
1.907500029,0.02841847204,
1.909166694,0.02847999521,
1.910833359,0.02869876847,
1.912500024,0.02879852988,
1.914166808,0.02870064974,
1.915833473,0.02874218859,
1.917500019,0.028778309,
1.919166684,0.02881874889,
1.920833349,0.02895387262,
1.922500134,0.02888948657,
1.924166799,0.02901369892,
1.925833344,0.0290202871,
1.92750001,0.02907533571,
1.929166675,0.02912897803,
1.930833459,0.02915707603,
1.932500124,0.02921015024,
1.93416667,0.02920773998,
1.935833335,0.02939275466,
1.9375,0.02927397192,
1.939166784,0.02927355655,
1.940833449,0.02939580195,
1.942500114,0.02931027673,
1.94416666,0.02935918607,
1.945833325,0.02922302485,
1.94750011,0.02910450846,
1.949166775,0.02911477908,
1.95083344,0.02906038985,
1.952499986,0.02894388326,
1.954166651,0.02872902341,
1.955833435,0.02872216515,
1.9575001,0.02863666229,
1.959166765,0.02838157862,
1.960833311,0.02843121253,
1.962499976,0.028186718,
1.96416676,0.02819086239,
1.965833426,0.02812112309,
1.967500091,0.02789438516,
1.969166756,0.02771825902,
1.970833302,0.02777650952,
1.972500086,0.02736086771,
1.974166751,0.02737379819,
1.975833416,0.02703809738,
1.977500081,0.02717277594,
1.979166627,0.02680578455,
1.980833411,0.02658339404,
1.982500076,0.02646680735,
1.984166741,0.02607482113,
1.985833406,0.02573037148,
1.987499952,0.02559163608,
1.989166737,0.02529240027,
1.990833402,0.02483595721,
1.992500067,0.02474929765,
1.994166732,0.02435505018,
1.995833397,0.02403168753,
1.997500062,0.02406353317,
1.999166727,0.02392182872,
2.000833273,0.02346521057,
2.002499819,0.02327584848,
2.004166603,0.02322049253,
2.005833387,0.02313565649,
2.007499933,0.02295386046,
2.009166718,0.02297320962,
2.010833263,0.02294935659,
2.012499809,0.02248533629,
2.014166594,0.02259518765,
2.015833378,0.02256554738,
2.017499924,0.02250251174,
2.01916647,0.02239868045,
2.020833254,0.02244981565,
2.022500038,0.02251805179,
2.024166584,0.02233583294,
2.025833368,0.02225081436,
2.027499914,0.02225176804,
2.02916646,0.02211740799,
2.030833244,0.02215415426,
2.032500029,0.02229037881,
2.034166574,0.02217485756,
2.035833359,0.02188425511,
2.037499905,0.02189860307,
2.039166689,0.02177521028,
2.040833235,0.02174709551,
2.042500019,0.02170924097,
2.044166565,0.02179477923,
2.045833111,0.02155143581,
2.047499895,0.02163998969,
2.049166679,0.0215166714,
2.050833225,0.02173523046,
2.05250001,0.02137620188,
2.054166555,0.02130346932,
2.05583334,0.02140013129,
2.057499886,0.02154621296,
2.05916667,0.02124928869,
2.060833216,0.02129167132,
2.0625,0.02098451555,
2.064166546,0.02118247561,
2.06583333,0.02086866274,
2.067499876,0.02090951242,
2.06916666,0.02094971575,
2.070833206,0.02111955918,
2.07249999,0.02067263611,
2.074166536,0.02053822018,
2.075833321,0.02061408199,
2.077499866,0.02055876516,
2.079166651,0.02044856176,
2.080833435,0.02037576586,
2.082499981,0.02048522048,
2.084166527,0.02030507289,
2.085833311,0.02036922798,
2.087499857,0.02026002109,
2.089166641,0.02016030438,
2.090833187,0.02041071095,
2.092499971,0.02024092712,
2.094166517,0.01999945566,
2.095833302,0.02001997456,
2.097500086,0.01985581778,
2.099166632,0.01978967898,
2.100833178,0.01988773793,
2.102499962,0.01983424835,
2.104166508,0.01976093464,
2.105833292,0.01962937415,
2.107500076,0.01961244643,
2.109166622,0.01944527589,
2.110833168,0.01961883903,
2.112499952,0.01954328641,
2.114166737,0.01933954842,
2.115833282,0.0194165539,
2.117499828,0.01915890165,
2.119166613,0.01935067214,
2.120833158,0.01939338446,
2.122499943,0.01920135133,
2.124166727,0.01922716387,
2.125833273,0.01908865012,
2.127499819,0.01901375689,
2.129166603,0.01912646554,
2.130833387,0.01898344047,
2.132499933,0.01872696355,
2.134166718,0.01887122914,
2.135833263,0.018857738,
2.137499809,0.01874520816,
2.139166594,0.0187399108,
2.140833139,0.01858358458,
2.142499924,0.01849597506,
2.144166708,0.0184907075,
2.145833254,0.01864189282,
2.147500038,0.01847163774,
2.149166584,0.01858134195,
2.150833368,0.01851958409,
2.152500153,0.01825247332,
2.15416646,0.01830833405,
2.155833244,0.01825304143,
2.15749979,0.01824278198,
2.159166574,0.01830415055,
2.160833359,0.01810101978,
2.162499905,0.0182369519,
2.164166689,0.01822734065,
2.165833235,0.01810031757,
2.167500019,0.01822086237,
2.169166803,0.01807211712,
2.170833111,0.01810922474,
2.172499895,0.0180428382,
2.174166441,0.01790472865,
2.175833225,0.01821268164,
2.17750001,0.01818744279,
2.179166555,0.01808310114,
2.18083334,0.01814825088,
2.182499886,0.01800503582,
2.18416667,0.01800557598,
2.185833454,0.01813578233,
2.1875,0.01795576885,
2.189166546,0.01802824065,
2.190833092,0.01819178835,
2.192499876,0.01808458567,
2.19416666,0.01790702157,
2.195833206,0.01795531064,
2.19749999,0.01800306514,
2.199166536,0.01770437509,
2.200833321,0.01778138801,
2.202500105,0.01791096106,
2.204166651,0.01762424782,
2.205833435,0.01763357595,
2.207499743,0.01779074594,
2.209166527,0.01776687987,
2.210833311,0.01761327498,
2.212499857,0.0176839903,
2.214166641,0.01749608107,
2.215833187,0.01747438684,
2.217499971,0.01736652479,
2.219166756,0.01724853367,
2.220833302,0.01729556546,
2.222500086,0.01723792218,
2.224166393,0.01715968549,
2.225833178,0.01718952321,
2.227499962,0.01693402231,
2.229166508,0.01683695056,
2.230833292,0.01675241068,
2.232499838,0.01679933257,
2.234166622,0.0167286545,
2.235833406,0.01671256684,
2.237499952,0.01657014713,
2.239166737,0.01650106534,
2.240833282,0.0163497366,
2.242499828,0.01643823087,
2.244166613,0.01619211957,
2.245833158,0.01614843123,
2.247499943,0.01618803479,
2.249166489,0.0162053667,
2.250833273,0.01607673056,
2.252500057,0.01603869535,
2.254166603,0.01595331728,
2.255833387,0.01595922559,
2.257499933,0.01592748426,
2.259166718,0.01584204659,
2.260833263,0.0155434683,
2.262499809,0.01561357826,
2.264166594,0.01557166688,
2.265833139,0.01571306214,
2.267499924,0.01563453674,
2.269166708,0.01545786485,
2.270833254,0.01556525379,
2.272500038,0.01543914154,
2.274166584,0.01513162069,
2.275833368,0.01516582351,
2.277500153,0.015386438,
2.27916646,0.015251128,
2.280833244,0.01508871,
2.28249979,0.01519423816,
2.284166574,0.01528008562,
2.285833359,0.01521236077,
2.287499905,0.01515266206,
2.289166689,0.01507978514,
2.290833235,0.01500322297,
2.292500019,0.01515914872,
2.294166803,0.01500684023,
2.295833111,0.01486985292,
2.297499895,0.0149254147,
2.299166441,0.01466784161,
2.300833225,0.01478553377,
2.30250001,0.01473960467,
2.304166555,0.01477377675,
2.30583334,0.01478197239,
2.307499886,0.01484839711,
2.30916667,0.01444611885,
2.310833454,0.01455783565,
2.3125,0.01463375799,
2.314166546,0.01453947276,
2.315833092,0.01453347784,
2.317499876,0.01448050886,
2.31916666,0.01440391783,
2.320833206,0.01447590534,
2.32249999,0.01438513398,
2.324166536,0.01438264549,
2.325833321,0.01447646786,
2.327500105,0.01427651104,
2.329166651,0.01412453782,
2.330833435,0.01417286322,
2.332499743,0.01427953411,
2.334166527,0.01420324575,
2.335833311,0.01418465748,
2.337499857,0.01418698486,
2.339166641,0.01401507109,
2.340833187,0.01397799142,
2.342499971,0.01399429888,
2.344166756,0.01403897349,
2.345833302,0.01386586204,
2.347500086,0.01365838666,
2.349166393,0.01399584953,
2.350833178,0.01383740082,
2.352499962,0.01378908567,
2.354166508,0.01374726929,
2.355833292,0.0135831153,
2.357499838,0.01368152071,
2.359166622,0.01363904681,
2.360833406,0.01370628551,
2.362499952,0.01356618293,
2.364166737,0.01368528698,
2.365833282,0.01354997139,
2.367499828,0.01357943006,
2.369166613,0.01352356002,
2.370833158,0.01358541287,
2.372499943,0.01345445402,
2.374166489,0.01341451146,
2.375833273,0.01341640763,
2.377500057,0.01334208623,
2.379166603,0.01349103451,
2.380833387,0.01326772384,
2.382499933,0.0132784266,
2.384166718,0.01315257605,
2.385833263,0.01317603048,
2.387499809,0.01325640827,
2.389166594,0.01322072744,
2.390833139,0.01328320429,
2.392499924,0.01296202932,
2.394166708,0.01312866993,
2.395833254,0.01304754242,
2.397500038,0.01314876135,
2.399166584,0.01305989362,
2.400833368,0.01300907787,
2.402500153,0.01314411871,
2.40416646,0.01307758037,
2.405833244,0.01298640668,
2.40749979,0.01296106912,
2.409166574,0.01301726699,
2.410833359,0.01284968201,
2.412499905,0.01294573396,
2.414166689,0.01290093176,
2.415833235,0.01298443321,
2.417500019,0.01286757365,
2.419166803,0.01285885461,
2.420833111,0.01276626065,
2.422499895,0.0126383733,
2.424166441,0.01266838331,
2.425833225,0.01291674562,
2.42750001,0.01268088259,
2.429166555,0.01257417724,
2.43083334,0.01249912102,
2.432499886,0.01266078744,
2.43416667,0.01262249053,
2.435833454,0.01241296995,
2.4375,0.01251545269,
2.439166546,0.0124528734,
2.440833092,0.01237456221,
2.442499876,0.01263365615,
2.44416666,0.01250269078,
2.445833206,0.01253690105,
2.44749999,0.01236670464,
2.449166536,0.01229685079,
2.450833321,0.0122906724,
2.452500105,0.01223739143,
2.454166651,0.01230215002,
2.455833435,0.01218552701,
2.457499743,0.01208306942,
2.459166527,0.01216800977,
2.460833311,0.01209470071,
2.462499857,0.01216673199,
2.464166641,0.01199244987,
2.465833187,0.01187950186,
2.467499971,0.01182741486,
2.469166756,0.01187104266,
2.470833302,0.01185029186,
2.472500086,0.01210625283,
2.474166393,0.01177639794,
2.475833178,0.01170618646,
2.477499962,0.01173607819,
2.479166508,0.01165188663,
2.480833292,0.01165725756,
2.482499838,0.01169331558,
2.484166622,0.01156717911,
2.485833406,0.01167244092,
2.487499952,0.01165337581,
2.489166737,0.01148224995,
2.490833282,0.01164845657,
2.492499828,0.0114732394,
2.494166613,0.01139273867,
2.495833158,0.01156276651,
2.497499943,0.01144384407,
2.499166489,0.01135274675,
2.500833273,0.01127877831,
2.502500057,0.01136502344,
2.504166603,0.01130885258,
2.505833387,0.01134828292,
2.507499933,0.01116227079,
2.509166718,0.0112204412,
2.510833263,0.01105875243,
2.512499809,0.01123829186,
2.514166594,0.0109105818,
2.515833139,0.0110313762,
2.517499924,0.01101879124,
2.519166708,0.01093049068,
2.520833254,0.01099282503,
2.522500038,0.01084804814,
2.524166584,0.01090275124,
2.525833368,0.01078788377,
2.527500153,0.01077164337,
2.52916646,0.01079356298,
2.530833244,0.01076899003,
2.53249979,0.0109209083,
2.534166574,0.01091854554,
2.535833359,0.01074335724,
2.537499905,0.01073032897,
2.539166689,0.01057142206,
2.540833235,0.01052137464,
2.542500019,0.01066787355,
2.544166803,0.01075736806,
2.545833111,0.01072597783,
2.547499895,0.01066678576,
2.549166441,0.01063436829,
2.550833225,0.01063651685,
2.55250001,0.01062330604,
2.554166555,0.01048634201,
2.55583334,0.01053240802,
2.557499886,0.01046364289,
2.55916667,0.0106557766,
2.560833454,0.01044418011,
2.5625,0.01044569165,
2.564166546,0.01069971081,
2.565833092,0.01057365071,
2.567499876,0.01042002439,
2.56916666,0.01038423087,
2.570833206,0.01037540287,
2.57249999,0.01059229765,
2.574166536,0.01041018777,
2.575833321,0.01025828905,
2.577500105,0.01041024085,
2.579166651,0.01043683477,
2.580833435,0.01045783609,
2.582499743,0.01030721981,
2.584166527,0.01030607987,
2.585833311,0.0103285592,
2.587499857,0.01031177863,
2.589166641,0.0104646245,
2.590833187,0.01035034936,
2.592499971,0.01024607103,
2.594166756,0.01015058719,
2.595833302,0.01039783191,
2.597500086,0.01005218457,
2.599166393,0.0101568941,
2.600833178,0.01002985239,
2.602499962,0.01021230593,
2.604166508,0.01020061877,
2.605833292,0.01030552294,
2.607499838,0.01014178991,
2.609166622,0.00997427851,
2.610833406,0.01001997106,
2.612499952,0.01008500997,
2.614166737,0.0100733256,
2.615833282,0.01000256743,
2.617499828,0.009992184117,
2.619166613,0.01005846355,
2.620833158,0.009972079657,
2.622499943,0.01007073,
2.624166489,0.009728545323,
2.625833273,0.009829681367,
2.627500057,0.009620631114,
2.629166603,0.009665968828,
2.630833387,0.009731960483,
2.632499933,0.009868077002,
2.634166718,0.00952660758,
2.635833263,0.01000529621,
2.637499809,0.009541717358,
2.639166594,0.00968801789,
2.640833139,0.009372531436,
2.642499924,0.009398216382,
2.644166708,0.009565241635,
2.645833254,0.009305642918,
2.647500038,0.00958627928,
2.649166584,0.009563521482,
2.650833368,0.009538833052,
2.652500153,0.009376208298,
2.65416646,0.009597420692,
2.655833244,0.009431229904,
2.65749979,0.009391127154,
2.659166574,0.009461706504,
2.660833359,0.009437684901,
2.662499905,0.009423267096,
2.664166689,0.009402316064,
2.665833235,0.009524967521,
2.667500019,0.009272189811,
2.669166803,0.009341744706,
2.670833111,0.009559102356,
2.672499895,0.009513378143,
2.674166441,0.009380043484,
2.675833225,0.009371711873,
2.67750001,0.009657472372,
2.679166555,0.009394407272,
2.68083334,0.009495280683,
2.682499886,0.009640427306,
2.68416667,0.009467050433,
2.685833454,0.009724838659,
2.6875,0.009532243945,
2.689166546,0.009567331523,
2.690833092,0.009542617016,
2.692499876,0.009437525645,
2.69416666,0.009696196765,
2.695833206,0.009495042264,
2.69749999,0.009539573453,
2.699166536,0.009504858404,
2.700833321,0.009323971346,
2.702500105,0.009440542199,
2.704166651,0.009522057138,
2.705833435,0.009552486241,
2.707499743,0.009500969201,
2.709166527,0.009507107548,
2.710833311,0.009658769704,
2.712499857,0.009654270485,
2.714166641,0.009426018223,
2.715833187,0.009568258189,
2.717499971,0.009473373182,
2.719166756,0.009572438896,
2.720833302,0.00945435185,
2.722500086,0.009522294626,
2.724166393,0.009499857202,
2.725833178,0.009675021283,
2.727499962,0.009524808265,
2.729166508,0.009507107548,
2.730833292,0.009579848498,
2.732499838,0.009439668618,
2.734166622,0.009252779186,
2.735833406,0.009176179767,
2.737499952,0.009144402109,
2.739166737,0.009274278767,
2.740833282,0.00928128697,
2.742499828,0.009169068187,
2.744166613,0.009086720645,
2.745833158,0.009006106295,
2.747499943,0.009043900296,
2.749166489,0.008934597485,
2.750833273,0.008932033554,
2.752500057,0.008838266134,
2.754166603,0.008822731674,
2.755833387,0.008519594558,
2.757499933,0.009002749808,
2.759166718,0.008772463538,
2.760833263,0.008572685532,
2.762499809,0.008510619402,
2.764166594,0.008821120486,
2.765833139,0.00855544582,
2.767499924,0.008420267142,
2.769166708,0.008248114958,
2.770833254,0.008288455196,
2.772500038,0.008290909231,
2.774166584,0.008092593402,
2.775833368,0.008234000765,
2.777500153,0.008126615547,
2.77916646,0.00830249209,
2.780833244,0.008226270787,
2.78249979,0.008128277026,
2.784166574,0.008196250536,
2.785833359,0.008127380162,
2.787499905,0.008105146699,
2.789166689,0.007963306271,
2.790833235,0.008255159482,
2.792500019,0.007958296686,
2.794166803,0.008174303919,
2.795833111,0.007993811741,
2.797499895,0.00790166948,
2.799166441,0.007933594286,
2.800833225,0.007884455845,
2.80250001,0.007977543399,
2.804166555,0.007881292142,
2.80583334,0.00807305146,
2.807499886,0.00788461417,
2.80916667,0.007821037434,
2.810833454,0.007837247103,
2.8125,0.007702054922,
2.814166546,0.007820510305,
2.815833092,0.007955976762,
2.817499876,0.007873674855,
2.81916666,0.007707878016,
2.820833206,0.007860125974,
2.82249999,0.007724900264,
2.824166536,0.007825623266,
2.825833321,0.007783665787,
2.827500105,0.00786344707,
2.829166651,0.007693122607,
2.830833435,0.007746613584,
2.832499743,0.007594458293,
2.834166527,0.007672676817,
2.835833311,0.007563322317,
2.837499857,0.007719498593,
2.839166641,0.007752068341,
2.840833187,0.007642141078,
2.842499971,0.007553155068,
2.844166756,0.007351989858,
2.845833302,0.007673282642,
2.847500086,0.007640718482,
2.849166393,0.007664061151,
2.850833178,0.007482622284,
2.852499962,0.007460790221,
2.854166508,0.00731600076,
2.855833292,0.007404674776,
2.857499838,0.007515279576,
2.859166622,0.007532952819,
2.860833406,0.00735664973,
2.862499952,0.007530503441,
2.864166737,0.007358703297,
2.865833282,0.007366786245,
2.867499828,0.007304733619,
2.869166613,0.007509116549,
2.870833158,0.007289018016,
2.872499943,0.00746044796,
2.874166489,0.007223475724,
2.875833273,0.007562400773,
2.877500057,0.007446043193,
2.879166603,0.007369813975,
2.880833387,0.00720581552,
2.882499933,0.007418525405,
2.884166718,0.007603968028,
2.885833263,0.007434956729,
2.887499809,0.007151075173,
2.889166594,0.007386243436,
2.890833139,0.007392589003,
2.892499924,0.007316237781,
2.894166708,0.007232477423,
2.895833254,0.007468980271,
2.897500038,0.007320291828,
2.899166584,0.007334692404,
2.900833368,0.007203394081,
2.902500153,0.0070804758,
2.90416646,0.007405991666,
2.905833244,0.007403911557,
2.90749979,0.007143601775,
2.909166574,0.007242400199,
2.910833359,0.007432586979,
2.912499905,0.007514989935,
2.914166689,0.007240558043,
2.915833235,0.007154338527,
2.917500019,0.007222475484,
2.919166803,0.007263905369,
2.920833111,0.007092921529,
2.922499895,0.007070845924,
2.924166441,0.007199367043,
2.925833225,0.007133838721,
2.92750001,0.007230003364,
2.929166555,0.007249401882,
2.93083334,0.007211315911,
2.932499886,0.006976058241,
2.93416667,0.006949674804,
2.935833454,0.007153470069,
2.9375,0.007218922488,
2.939166546,0.007080870681,
2.940833092,0.006935287267,
2.942499876,0.007039274089,
2.94416666,0.007135022897,
2.945833206,0.007209447213,
2.94749999,0.006963958032,
2.949166536,0.007206104696,
2.950833321,0.007031013258,
2.952500105,0.007037353702,
2.954166651,0.007092921529,
2.955833435,0.007080265321,
2.957499743,0.007078607567,
2.959166527,0.00697850436,
2.960833311,0.006913324818,
2.962499857,0.006915376522,
2.964166641,0.006862303242,
2.965833187,0.006975979079,
2.967499971,0.006873690523,
2.969166756,0.006714295596,
2.970833302,0.006864144467,
2.972500086,0.006778840907,
2.974166393,0.006584104616,
2.975833178,0.006698890589,
2.977499962,0.006710142363,
2.979166508,0.006592882797,
2.980833292,0.006643688772,
2.982499838,0.006452112924,
2.984166622,0.006686193403,
2.985833406,0.006508998573,
2.987499952,0.006726520602,
2.989166737,0.006490526721,
2.990833282,0.006530730054,
2.992499828,0.006626918912,
2.994166613,0.006550964899,
2.995833158,0.006404271815,
2.997499943,0.006639956031,
2.999166489,0.006761908531,
3.000833273,0.006668791641,
3.002500057,0.00661553815,
3.004166603,0.006647158414,
3.005833387,0.006539086811,
3.007499933,0.006428572815,
3.009166718,0.006692423485,
3.010833263,0.006629416253,
3.012499809,0.006648971699,
3.014166594,0.006855544634,
3.015833139,0.006560951006,
3.017499924,0.00659422297,
3.019166708,0.006782258861,
3.020833254,0.006625657436,
3.022500038,0.00652915379,
3.024166584,0.006704595406,
3.025833368,0.00659093773,
3.027500153,0.00695885485,
3.02916646,0.006752758753,
3.030833244,0.006886998191,
3.03249979,0.006871481426,
3.034166574,0.007008993533,
3.035833359,0.006942204665,
3.037499905,0.006931657437,
3.039166689,0.00700344285,
3.040833235,0.007062979043,
3.042500019,0.007301390171,
3.044166803,0.007361888885,
3.045833111,0.007423265371,
3.047499895,0.007381899282,
3.049166441,0.007335482165,
3.050833225,0.00737642264,
3.05250001,0.00739437947,
3.054166555,0.007397355046,
3.05583334,0.007275092416,
3.057499886,0.007395643741,
3.05916667,0.007354464382,
3.060833454,0.007269406691,
3.0625,0.007164154202,
3.064166546,0.007222975604,
3.065833092,0.007074555848,
3.067499876,0.007407518569,
3.06916666,0.007254271302,
3.070833206,0.007296967786,
3.07249999,0.007290755399,
3.074166536,0.007255192846,
3.075833321,0.007296862546,
3.077500105,0.007189497817,
3.079166651,0.007040563039,
3.080833435,0.007189840078,
3.082499743,0.007128417958,
3.084166527,0.006973112002,
3.085833311,0.006925029214,
3.087499857,0.006978609599,
3.089166641,0.006956382189,
3.090833187,0.00687981816,
3.092499971,0.006947123446,
3.094166756,0.006630887743,
3.095833302,0.006676361896,
3.097500086,0.006571279373,
3.099166393,0.006349264644,
3.100833178,0.00618759403,
3.102499962,0.006041784771,
3.104166508,0.006079374347,
3.105833292,0.005931108724,
3.107499838,0.005963334814,
3.109166622,0.005891511217,
3.110833406,0.005987558514,
3.112499952,0.006201746874,
3.114166737,0.005930006504,
3.115833282,0.005813613068,
3.117499828,0.006003621034,
3.119166613,0.005893216934,
3.120833158,0.005982126109,
3.122499943,0.005778879859,
3.124166489,0.005868578795,
3.125833273,0.005624344107,
3.127500057,0.005712909624,
3.129166603,0.005798003636,
3.130833387,0.005656180438,
3.132499933,0.005784834735,
3.134166718,0.005630664062,
3.135833263,0.005714929197,
3.137499809,0.00564650353,
3.139166594,0.005896601826,
3.140833139,0.005708162207,
3.142499924,0.005600612611,
3.144166708,0.005740502849,
3.145833254,0.005743572023,
3.147500038,0.00584669644,
3.149166584,0.005564191844,
3.150833368,0.005745329428,
3.152500153,0.005659222603,
3.15416646,0.005679023452,
3.155833244,0.005632604472,
3.15749979,0.005613513757,
3.159166574,0.005840845872,
3.160833359,0.005572870374,
3.162499905,0.005626782775,
3.164166689,0.005644641351,
3.165833235,0.005614458118,
3.167500019,0.005605437327,
3.169166803,0.005563247949,
3.170833111,0.005523841362,
3.172499895,0.0057681771,
3.174166441,0.005470623728,
3.175833225,0.005519253667,
3.17750001,0.005657045636,
3.179166555,0.005456153769,
3.18083334,0.005302518606,
3.182499886,0.005406796932,
3.18416667,0.00550488662,
3.185833454,0.005288290326,
3.1875,0.005508819129,
3.189166546,0.005448656622,
3.190833092,0.005623662379,
3.192499876,0.005576593801,
3.19416666,0.005361455493,
3.195833206,0.005510732997,
3.19749999,0.005421422422,
3.199166536,0.005489786621,
3.200833321,0.005656049121,
3.202500105,0.005381583236,
3.204166651,0.005334541202,
3.205833435,0.005436651409,
3.207499743,0.005302728619,
3.209166527,0.005538916681,
3.210833311,0.005282787606,
3.212499857,0.005402603187,
3.214166641,0.005293793045,
3.215833187,0.005295286421,
3.217499971,0.00550247496,
3.219166756,0.005305060651,
3.220833302,0.005361036398,
3.222500086,0.005504598375,
3.224166393,0.005244376138,
3.225833178,0.005440373439,
3.227499962,0.005144825671,
3.229166508,0.005415786989,
3.230833292,0.005330453161,
3.232499838,0.005339625292,
3.234166622,0.005138408393,
3.235833406,0.005355637521,
3.237499952,0.005305139348,
3.239166737,0.005266594701,
3.240833282,0.005164079368,
3.242499828,0.00510582421,
3.244166613,0.005288106855,
3.245833158,0.005146475974,
3.247499943,0.005216185469,
3.249166489,0.00523258606,
3.250833273,0.005086966325,
3.252500057,0.005250061862,
3.254166603,0.005340883043,
3.255833387,0.005026364699,
3.257499933,0.005149383564,
3.259166718,0.005138120148,
3.260833263,0.005175631493,
3.262499809,0.005217940547,
3.264166594,0.00493613258,
3.265833139,0.005165834446,
3.267499924,0.005303252488,
3.269166708,0.004903118126,
3.270833254,0.005155670457,
3.272500038,0.005225433502,
3.274166584,0.005159311462,
3.275833368,0.005130130798,
3.277500153,0.005226796027,
3.27916646,0.005347251426,
3.280833244,0.005046764854,
3.28249979,0.00510063814,
3.284166574,0.005151112564,
3.285833359,0.00515488442,
3.287499905,0.005004289094,
3.289166689,0.005239791237,
3.290833235,0.005218779203,
3.292500019,0.005117007997,
3.294166803,0.005037048832,
3.295833111,0.004920737818,
3.297499895,0.00523187872,
3.299166441,0.00504228659,
3.300833225,0.005036944058,
3.30250001,0.004870604258,
3.304166555,0.005184093025,
3.30583334,0.005047262646,
3.307499886,0.00498813251,
3.30916667,0.004954276606,
3.310833454,0.005129240453,
3.3125,0.00496079633,
3.314166546,0.005212727003,
3.315833092,0.004987059161,
3.317499876,0.005172880832,
3.31916666,0.005215059035,
3.320833206,0.005210919306,
3.32249999,0.005206937436,
3.324166536,0.005123399198,
3.325833321,0.004916234873,
3.327500105,0.005005048588,
3.329166651,0.005021389108,
3.330833435,0.00496210577,
3.332499743,0.004882934038,
3.334166527,0.004719636403,
3.335833311,0.005014475435,
3.337499857,0.004986299668,
3.339166641,0.004992976785,
3.340833187,0.004972291179,
3.342499971,0.005117139313,
3.344166756,0.004919664469,
3.345833302,0.004932021722,
3.347500086,0.004974176176,
3.349166393,0.004849976394,
3.350833178,0.004859086126,
3.352499962,0.00489474088,
3.354166508,0.004919637926,
3.355833292,0.005002011079,
3.357499838,0.004854112398,
3.359166622,0.005122508854,
3.360833406,0.005072587635,
3.362499952,0.004694985691,
3.364166737,0.005015051924,
3.365833282,0.004859897308,
3.367499828,0.00484450534,
3.369166613,0.004957314115,
3.370833158,0.005047550425,
3.372499943,0.004911051132,
3.374166489,0.004988472909,
3.375833273,0.004810556304,
3.377500057,0.004944353364,
3.379166603,0.00483992463,
3.380833387,0.004883012734,
3.382499933,0.004950218368,
3.384166718,0.00501363771,
3.385833263,0.005093513988,
3.387499809,0.00507711852,
3.389166594,0.004890787881,
3.390833139,0.00492550293,
3.392499924,0.005163921975,
3.394166708,0.005115017761,
3.395833254,0.00515320804,
3.397500038,0.00515732076,
3.399166584,0.005262559745,
3.400833368,0.005241782404,
3.402500153,0.005320835859,
3.40416646,0.005264498759,
3.405833244,0.005387689918,
3.40749979,0.005364600569,
3.409166574,0.005456861574,
3.410833359,0.005251528695,
3.412499905,0.005448184907,
3.414166689,0.005332077853,
3.415833235,0.005594161805,
3.417500019,0.005433558486,
3.419166803,0.00524862064,
3.420833111,0.005379355513,
3.422499895,0.005481528584,
3.424166441,0.005422182381,
3.425833225,0.00542988861,
3.42750001,0.005634335335,
3.429166555,0.005455760285,
3.43083334,0.005384859629,
3.432499886,0.005502343643,
3.43416667,0.00546847377,
3.435833454,0.005594240502,
3.4375,0.00557575468,
3.439166546,0.005560154095,
3.440833092,0.005382605363,
3.442499876,0.005301051307,
3.44416666,0.005441290792,
3.445833206,0.005437306594,
3.44749999,0.005448132288,
3.449166536,0.005543636158,
3.450833321,0.005240577273,
3.452500105,0.00530078914,
3.454166651,0.00536680175,
3.455833435,0.005206203554,
3.457499743,0.005185429007,
3.459166527,0.005376577377,
3.460833311,0.005127904471,
3.462499857,0.005057790317,
3.464166641,0.005089218728,
3.465833187,0.004953255877,
3.467499971,0.004780011717,
3.469166756,0.004728481174,
3.470833302,0.004864557181,
3.472500086,0.005099485628,
3.474166393,0.005051164422,
3.475833178,0.004675543867,
3.477499962,0.00492665451,
3.479166508,0.004670834169,
3.480833292,0.005039641634,
3.482499838,0.004558858462,
3.484166622,0.004940662067,
3.485833406,0.00491927145,
3.487499952,0.00484395586,
3.489166737,0.004926078487,
3.490833282,0.004749312531,
3.492499828,0.004948516842,
3.494166613,0.00478257658,
3.495833158,0.004849060439,
3.497499943,0.005169187207,
3.499166489,0.00513165025,
3.500833273,0.005115593784,
3.502500057,0.005047079176,
3.504166603,0.005097887944,
3.505833387,0.00507921353,
3.507499933,0.005012616515,
3.509166718,0.005237092264,
3.510833263,0.005138591398,
3.512499809,0.004921339918,
3.514166594,0.004959173035,
3.515833139,0.004934901837,
3.517499924,0.005046921782,
3.519166708,0.00503278058,
3.520833254,0.00499669509,
3.522500038,0.00488759391,
3.524166584,0.005022645928,
3.525833368,0.004855866078,
3.527500153,0.004886808805,
3.52916646,0.004954512697,
3.530833244,0.004907594994,
3.53249979,0.004874609411,
3.534166574,0.004906652495,
3.535833359,0.004892437253,
3.537499905,0.004774672911,
3.539166689,0.00484529091,
3.540833235,0.005007326603,
3.542500019,0.004751746543,
3.544166803,0.005043334328,
3.545833111,0.004888013005,
3.547499895,0.004791004583,
3.549166441,0.004787445068,
3.550833225,0.005095949862,
3.55250001,0.004820240662,
3.554166555,0.004996381234,
3.55583334,0.004746878985,
3.557499886,0.004981193691,
3.55916667,0.004799406044,
3.560833454,0.004707415588,
3.5625,0.004911051132,
3.564166546,0.004831208382,
3.565833092,0.00511095766,
3.567499876,0.004749626853,
3.56916666,0.00465047732,
3.570833206,0.004772055428,
3.57249999,0.00493529439,
3.574166536,0.004543346353,
3.575833321,0.004849243443,
3.577500105,0.004823434167,
3.579166651,0.004683210514,
3.580833435,0.004644904286,
3.582499743,0.004614738282,
3.584166527,0.004801840056,
3.585833311,0.004698884673,
3.587499857,0.004656390753,
3.589166641,0.004747297615,
3.590833187,0.004479472991,
3.592499971,0.004736070521,
3.594166756,0.004485697486,
3.595833302,0.004381980281,
3.597500086,0.004354054574,
3.599166393,0.004535525106,
3.600833178,0.004258289468,
3.602499962,0.004328457639,
3.604166508,0.004435875919,
3.605833292,0.004186616745,
3.607499838,0.004306809977,
3.609166622,0.004167668056,
3.610833406,0.004208363127,
3.612499952,0.004121619742,
3.614166737,0.00412734272,
3.615833282,0.004044273403,
3.617499828,0.003929847386,
3.619166613,0.003918249626,
3.620833158,0.004137691576,
3.622499943,0.004070585128,
3.624166489,0.004132491071,

T3,
T3
Collection Time: 2/19/2025 5:06:08 PM
Operator Name  :
Kinetics Version 5.0.0.999
Parameter List :
Instrument  Cary 60
Instrument version  2.00
Wavelength (nm)  663.0
Ordinate mode  Abs
Ave Time (sec)  0.1000
Cycle Time(min)  0.00
Stop Time(min)  10.00
Method Log     :
Method Name    :
Date/Time stamp: 2/19/2025 3:30:43 PM
Method Modifications:
Read WL1 Changed: 2/19/2025 3:34:26 PM, Old:  500.0, New:  663.0
Stop Time 1 Changed: 2/19/2025 3:34:26 PM, Old:     1.00, New:    10.00
Saved as C:\Users\chemlab\Desktop\JDG_MB\SetA_T2.BKNSaved as C:\Users\chemlab\Desktop\JDG_MB\SetA_T3.BKNSaved as C:\Users\chemlab\Desktop\JDG_MB\SetA_T4.BKNSaved as C:\Users\chemlab\Desktop\JDG_MB\SetB_T1.BKNSaved as C:\Users\chemlab\Desktop\JDG_MB\SetB_T2.BKNSaved as C:\Users\chemlab\Desktop\JDG_MB\SetB_T3.BKNSaved as C:\Users\chemlab\Desktop\JDG_MB\SetB_T4.BKNSaved as C:\Users\chemlab\Desktop\JDG_MB\SetB_T5.BKNSaved as C:\Users\chemlab\Desktop\JDG_MB\SetB_T6.BKNSaved as C:\Users\chemlab\Desktop\JDG_MB\SetA_T1.BKNSaved as C:\Users\chemlab\Desktop\JDG_MB\SetA_T2revise1.BKNSaved as C:\Users\chemlab\Desktop\JDG_MB\SetA_T3revise.BKN
End Method Modifications

