T2,,
Time (min),Abs,
0.0008333333535,1.015992641,
0.002499999944,1.014138341,
0.004166666884,1.015163422,
0.005833333824,1.015991211,
0.007500000298,1.012771845,
0.009166667238,1.01047194,
0.01083333418,1.007180214,
0.01250000019,1.002644897,
0.01416666713,0.9969837666,
0.01583333313,0.9907815456,
0.01750000007,0.9873124361,
0.01916666701,0.9840230942,
0.02083333395,0.9793435931,
0.02249999903,0.9753349423,
0.02416666597,0.97284168,
0.02583333291,0.9720681906,
0.02749999985,0.9701747298,
0.02916666679,0.9664968848,
0.03083333187,0.9657731056,
0.03249999881,0.9662221074,
0.03416666761,0.9636921883,
0.03583333269,0.9633942842,
0.03750000149,0.9607051611,
0.03916666657,0.9606574178,
0.04083333537,0.9589440227,
0.04250000045,0.9560226798,
0.04416666552,0.9547838569,
0.04583333433,0.9543548226,
0.0474999994,0.9521511197,
0.04916666821,0.9476542473,
0.05083333328,0.9464762211,
0.05249999836,0.9447345734,
0.05416666716,0.9428934455,
0.05583333224,0.9394816756,
0.05750000104,0.9371100664,
0.05916666612,0.9357112646,
0.0608333312,0.9321104288,
0.0625,0.9292585254,
0.06416666508,0.9272841215,
0.0658333376,0.9257608056,
0.06750000268,0.9238795042,
0.06916666776,0.9202948809,
0.07083333284,0.9165471792,
0.07250000536,0.915918231,
0.07416667044,0.9130388498,
0.07583333552,0.9089632034,
0.0775000006,0.9057362676,
0.07916666567,0.9045113921,
0.0808333382,0.9012488127,
0.08250000328,0.8995940685,
0.08416666836,0.8966098428,
0.08583333343,0.893748045,
0.08749999851,0.8918289542,
0.08916667104,0.8883032203,
0.09083333611,0.885604322,
0.09250000119,0.883295536,
0.09416666627,0.8808034658,
0.09583333135,0.8782762289,
0.09750000387,0.8761297464,
0.09916666895,0.8742576241,
0.100833334,0.870547533,
0.1024999991,0.868509531,
0.1041666642,0.8660104871,
0.1058333367,0.8636607528,
0.1075000018,0.8618357778,
0.1091666669,0.8580351472,
0.1108333319,0.8560883403,
0.112499997,0.8532493711,
0.1141666695,0.8507005572,
0.1158333346,0.8480140567,
0.1174999997,0.8448552489,
0.1191666648,0.8423189521,
0.1208333299,0.8404473066,
0.1225000024,0.8371073008,
0.1241666675,0.8353641629,
0.1258333325,0.8317600489,
0.1274999976,0.8299030066,
0.1291666627,0.8267573714,
0.1308333427,0.8250094652,
0.1325000077,0.8221501708,
0.1341666728,0.8190624714,
0.1358333379,0.8159828782,
0.137500003,0.8139862418,
0.1391666681,0.8129187822,
0.1408333331,0.8093206286,
0.1424999982,0.8075700402,
0.1441666782,0.8057461381,
0.1458333284,0.8038783669,
0.1475000083,0.8013141155,
0.1491666585,0.7989937663,
0.1508333385,0.797162652,
0.1525000036,0.7949461341,
0.1541666687,0.7929490209,
0.1558333337,0.7908401489,
0.1574999988,0.7895754576,
0.1591666639,0.7880667448,
0.1608333439,0.7848316431,
0.162499994,0.783880055,
0.164166674,0.781272769,
0.1658333242,0.7804579139,
0.1675000042,0.7789782286,
0.1691666692,0.7761448026,
0.1708333343,0.7751218081,
0.1724999994,0.7732978463,
0.1741666645,0.7723188996,
0.1758333296,0.7699153423,
0.1775000095,0.7680963278,
0.1791666597,0.7679720521,
0.1808333397,0.7658472061,
0.1824999899,0.7639576793,
0.1841666698,0.7620295286,
0.1858333349,0.762568891,
0.1875,0.7605096102,
0.1891666651,0.7589063048,
0.1908333302,0.7580224872,
0.1924999952,0.7565251589,
0.1941666752,0.7551273704,
0.1958333254,0.7539798617,
0.1975000054,0.7528308034,
0.1991666555,0.7521131039,
0.2008333355,0.7508285642,
0.2025000006,0.7490829229,
0.2041666657,0.7483112216,
0.2058333308,0.7481905222,
0.2074999958,0.7458460331,
0.2091666609,0.7450453639,
0.2108333409,0.7437495589,
0.2124999911,0.7431333661,
0.214166671,0.7428568006,
0.2158333212,0.7417615652,
0.2175000012,0.7407063842,
0.2191666663,0.7399485111,
0.2208333313,0.7384824753,
0.2224999964,0.7376133204,
0.2241666615,0.7371714115,
0.2258333266,0.736182034,
0.2275000066,0.7354078293,
0.2291666567,0.7340978384,
0.2308333367,0.7335540056,
0.2324999869,0.7332178354,
0.2341666669,0.7314369082,
0.2358333319,0.7305612564,
0.237499997,0.7299867868,
0.2391666621,0.7296302319,
0.2408333272,0.7294840217,
0.2424999923,0.7279168963,
0.2441666722,0.7264524698,
0.2458333224,0.7265458703,
0.2475000024,0.7261081934,
0.2491666526,0.7245708704,
0.2508333325,0.7238782644,
0.2524999976,0.7237374187,
0.2541666627,0.722987473,
0.2558333278,0.7217772007,
0.2574999928,0.720944345,
0.2591666579,0.7209400535,
0.2608333528,0.7198359966,
0.2624999881,0.7186992168,
0.264166683,0.7172301412,
0.2658333182,0.7171843648,
0.2675000131,0.7158192396,
0.2691666782,0.7149450183,
0.2708333433,0.7147428989,
0.2724999785,0.7136062384,
0.2741666734,0.713513732,
0.2758333385,0.7109766006,
0.2775000036,0.7098131776,
0.2791666687,0.7092271447,
0.2808333337,0.7080631256,
0.2824999988,0.7065324187,
0.2841666639,0.7062377334,
0.285833329,0.7053405046,
0.2875000238,0.7038863301,
0.2891666591,0.7023230195,
0.2908333242,0.7017493844,
0.2924999893,0.7012286186,
0.2941666842,0.6993876696,
0.2958333492,0.6982268691,
0.2974999845,0.6974877715,
0.2991666496,0.6953868866,
0.3008333445,0.694562614,
0.3025000095,0.6930931807,
0.3041666746,0.6919166446,
0.3058333099,0.6909016967,
0.3075000048,0.6895619035,
0.3091666698,0.6874862313,
0.3108333349,0.6870369911,
0.3125,0.6852570772,
0.3141666651,0.683772862,
0.3158333302,0.6825680733,
0.3174999952,0.6813609004,
0.3191666603,0.6796804667,
0.3208333552,0.6784573197,
0.3224999905,0.6771593094,
0.3241666555,0.6760510802,
0.3258333206,0.6740211844,
0.3275000155,0.673134923,
0.3291666806,0.6703487039,
0.3308333158,0.6690783501,
0.3324999809,0.6688108444,
0.3341666758,0.6673092842,
0.3358333409,0.66581738,
0.337500006,0.6643076539,
0.3391666412,0.6636499166,
0.3408333361,0.6617242694,
0.3425000012,0.6603535414,
0.3441666663,0.6586949229,
0.3458333313,0.6572918892,
0.3474999964,0.6557010412,
0.3491666615,0.6543792486,
0.3508333266,0.6533993483,
0.3524999917,0.6524537206,
0.3541666865,0.6510465741,
0.3558333218,0.6499106288,
0.3574999869,0.6483373642,
0.359166652,0.6476384401,
0.3608333468,0.6464992166,
0.3625000119,0.6441274881,
0.3641666472,0.6437292099,
0.3658333123,0.6419714093,
0.3675000072,0.6406604052,
0.3691666722,0.639306426,
0.3708333373,0.6385527253,
0.3724999726,0.6377984881,
0.3741666675,0.6361020207,
0.3758333325,0.6345035434,
0.3774999976,0.6329811215,
0.3791666925,0.6324110627,
0.3808333278,0.630839467,
0.3824999928,0.6292806268,
0.3841666579,0.6283174157,
0.3858333528,0.6270133257,
0.3875000179,0.6258297563,
0.3891666532,0.6241607666,
0.3908333182,0.6231123209,
0.3925000131,0.6220028996,
0.3941666782,0.6204887629,
0.3958333433,0.6189224124,
0.3974999785,0.617620647,
0.3991666734,0.6161807775,
0.4008333385,0.6144998074,
0.4025000036,0.6132850051,
0.4041666687,0.6117995381,
0.4058333337,0.609736383,
0.4074999988,0.6084926128,
0.4091666639,0.6069547534,
0.410833329,0.6054596305,
0.4125000238,0.6044518352,
0.4141666591,0.6028624177,
0.4158333242,0.600302875,
0.4174999893,0.5996001363,
0.4191666842,0.5981211662,
0.4208333492,0.5963702798,
0.4224999845,0.5941601992,
0.4241666496,0.5925719738,
0.4258333445,0.5915451646,
0.4275000095,0.5891419649,
0.4291666746,0.5872801542,
0.4308333099,0.5854622722,
0.4325000048,0.5839230418,
0.4341666698,0.582264185,
0.4358333349,0.5798425674,
0.4375,0.5783960819,
0.4391666651,0.5772095323,
0.4408333302,0.5749099851,
0.4424999952,0.5730788708,
0.4441666603,0.5715503097,
0.4458333552,0.5694790483,
0.4474999905,0.5680308342,
0.4491666555,0.5658774972,
0.4508333206,0.5639635921,
0.4525000155,0.5623193979,
0.4541666806,0.5601594448,
0.4558333158,0.5577387214,
0.4574999809,0.55655092,
0.4591666758,0.5547844172,
0.4608333409,0.5534370542,
0.462500006,0.5509330034,
0.4641666412,0.549284935,
0.4658333361,0.547742188,
0.4675000012,0.5459205508,
0.4691666663,0.543905437,
0.4708333313,0.5421955585,
0.4724999964,0.5413127542,
0.4741666615,0.5391215086,
0.4758333266,0.5375359058,
0.4774999917,0.5353006721,
0.4791666865,0.5340173841,
0.4808333218,0.5325950384,
0.4824999869,0.5310347676,
0.484166652,0.5292644501,
0.4858333468,0.5274755359,
0.4875000119,0.5262799859,
0.4891666472,0.5242182612,
0.4908333123,0.5228685737,
0.4925000072,0.5216370821,
0.4941666722,0.5197777152,
0.4958333373,0.5179023147,
0.4974999726,0.5171856284,
0.4991666675,0.516217351,
0.5008333325,0.5143764019,
0.5024999976,0.5128090978,
0.5041666627,0.511980176,
0.5058333278,0.510733068,
0.5074999928,0.5086904168,
0.5091666579,0.5073439479,
0.510833323,0.5063864589,
0.5124999881,0.5048918724,
0.5141666532,0.5038821101,
0.5158333182,0.502015233,
0.5174999833,0.5012664199,
0.5191666484,0.5004477501,
0.5208333731,0.49902457,
0.5224999785,0.4974211454,
0.5241666436,0.4963357151,
0.5258333087,0.4955429137,
0.5275000334,0.4943908751,
0.5291666985,0.4926508665,
0.5308333039,0.4915697873,
0.532499969,0.490344882,
0.5341666937,0.4890167117,
0.5358332992,0.4882247448,
0.5375000238,0.4867031872,
0.5391666293,0.4859193563,
0.540833354,0.4844064713,
0.5425000191,0.4826416671,
0.5441666245,0.4815186858,
0.5458333492,0.4804987609,
0.5475000143,0.4793215692,
0.5491666794,0.4779095352,
0.5508333445,0.4772953093,
0.5524999499,0.4755735099,
0.5541666746,0.473864466,
0.5558333397,0.4725522101,
0.5575000048,0.4713143408,
0.5591666698,0.4700937867,
0.5608333349,0.4687933028,
0.5625,0.4667736888,
0.5641666651,0.4658549428,
0.5658333302,0.4646092653,
0.5674999952,0.4629542232,
0.5691666603,0.4613932371,
0.5708333254,0.4603808522,
0.5724999905,0.4594451785,
0.5741667151,0.4575726688,
0.5758333206,0.4564589858,
0.5774999857,0.454903543,
0.5791666508,0.4538260102,
0.5808333158,0.4527173042,
0.5825000405,0.4506778419,
0.584166646,0.4497642219,
0.5858333111,0.4480869472,
0.5875000358,0.4472565353,
0.5891666412,0.445507437,
0.5908333659,0.4446643591,
0.5924999714,0.4433768988,
0.5941666365,0.442054987,
0.5958333611,0.4402984977,
0.5974999666,0.4395105839,
0.5991666913,0.4383705258,
0.6008333564,0.4370930195,
0.6024999619,0.43553406,
0.6041666865,0.4348027408,
0.605833292,0.4338196218,
0.6075000167,0.4325222373,
0.6091666818,0.4313888252,
0.6108332872,0.4304679036,
0.6125000119,0.4293274879,
0.614166677,0.4280057847,
0.6158333421,0.4266071618,
0.6175000072,0.4258830547,
0.6191666126,0.4246160388,
0.6208333373,0.4238215983,
0.6225000024,0.4225977361,
0.6241666675,0.421130091,
0.6258333325,0.4203805029,
0.6274999976,0.4190233052,
0.6291666627,0.4183356166,
0.6308333278,0.4168920219,
0.6325000525,0.4159967601,
0.6341666579,0.4152994752,
0.635833323,0.4139137566,
0.6374999881,0.4127258658,
0.6391666532,0.4120469689,
0.6408333778,0.410962671,
0.6424999833,0.4097810388,
0.6441666484,0.4083960354,
0.6458333731,0.4076273739,
0.6474999785,0.4064639509,
0.6491667032,0.4055207372,
0.6508333087,0.4044308662,
0.6524999738,0.4035267234,
0.6541666985,0.4021055996,
0.6558333039,0.4011899531,
0.6575000286,0.4001092911,
0.6591666937,0.3992419243,
0.6608332992,0.3980696797,
0.6625000238,0.3975671232,
0.6641666293,0.3962458372,
0.665833354,0.3953006268,
0.6675000191,0.3943197429,
0.6691666245,0.3932252824,
0.6708333492,0.3921476603,
0.6725000143,0.3912939727,
0.6741666794,0.3904330432,
0.6758333445,0.3892531693,
0.6774999499,0.3880812526,
0.6791666746,0.3874478042,
0.6808333397,0.3861482143,
0.6825000048,0.3852532208,
0.6841666698,0.3843387663,
0.6858333349,0.3837752044,
0.6875,0.3825498819,
0.6891666651,0.3814543784,
0.6908333302,0.3805306256,
0.6924999952,0.3798159957,
0.6941666603,0.3783993721,
0.6958333254,0.3775136173,
0.6974999905,0.3766727448,
0.6991667151,0.3754882216,
0.7008333206,0.3747661412,
0.7024999857,0.3739160597,
0.7041666508,0.372913897,
0.7058333158,0.3721215427,
0.7075000405,0.3710162342,
0.709166646,0.3700203896,
0.7108333111,0.3689748943,
0.7125000358,0.3684533834,
0.7141666412,0.3672429621,
0.7158333659,0.3664399087,
0.7174999714,0.3651292622,
0.7191666365,0.3646521568,
0.7208333611,0.363822639,
0.7224999666,0.3629294634,
0.7241666913,0.3618363738,
0.7258333564,0.3608941138,
0.7274999619,0.3601292074,
0.7291666865,0.3591626883,
0.730833292,0.3581516445,
0.7325000167,0.3573795259,
0.7341666818,0.3565460443,
0.7358332872,0.3555311263,
0.7375000119,0.3547866642,
0.739166677,0.3539546132,
0.7408333421,0.3531865478,
0.7425000072,0.3516246974,
0.7441666126,0.3510105014,
0.7458333373,0.3499243259,
0.7475000024,0.349368751,
0.7491666675,0.3483226001,
0.7508333325,0.347368598,
0.7524999976,0.3467444479,
0.7541666627,0.3455369771,
0.7558333278,0.3444553018,
0.7575000525,0.3437895775,
0.7591666579,0.3425735831,
0.760833323,0.3418554664,
0.7624999881,0.3407503366,
0.7641666532,0.3398061693,
0.7658333778,0.3392346799,
0.7674999833,0.3379223645,
0.7691666484,0.3370280266,
0.7708333731,0.3361495733,
0.7724999785,0.3351708949,
0.7741667032,0.3340986669,
0.7758333087,0.3328874707,
0.7774999738,0.332493186,
0.7791666985,0.3312992454,
0.7808333039,0.3302265406,
0.7825000286,0.329146415,
0.7841666937,0.3283635974,
0.7858332992,0.3272057772,
0.7875000238,0.3264369667,
0.7891666293,0.3254886866,
0.790833354,0.3245540857,
0.7925000191,0.323281765,
0.7941666245,0.3227799535,
0.7958333492,0.3215653896,
0.7975000143,0.3208141923,
0.7991666794,0.3198236525,
0.8008333445,0.318846792,
0.8024999499,0.3177462518,
0.8041666746,0.3168415129,
0.8058333397,0.3162445128,
0.8075000048,0.3150521219,
0.8091666698,0.3141672611,
0.8108333349,0.3130407035,
0.8125,0.3119740486,
0.8141666651,0.3110453188,
0.8158333302,0.3101785183,
0.8174999952,0.3093842566,
0.8191666603,0.3080647886,
0.8208333254,0.3073396087,
0.8224999905,0.3063874543,
0.8241667151,0.3056317866,
0.8258333206,0.3046243787,
0.8274999857,0.3034546077,
0.8291666508,0.3026428521,
0.8308333158,0.3017916083,
0.8325000405,0.3003237247,
0.834166646,0.2995871305,
0.8358333111,0.2983911932,
0.8375000358,0.2979896367,
0.8391666412,0.2970479429,
0.8408333659,0.2958660126,
0.8424999714,0.294929415,
0.8441666365,0.2940039039,
0.8458333611,0.2929630578,
0.8474999666,0.2922663391,
0.8491666913,0.291318804,
0.8508333564,0.2903788686,
0.8524999619,0.2894425988,
0.8541666865,0.2883892059,
0.855833292,0.2873505652,
0.8575000167,0.2864488065,
0.8591666818,0.2855077088,
0.8608332872,0.284702599,
0.8625000119,0.2834656835,
0.864166677,0.2828730941,
0.8658333421,0.2821602523,
0.8675000072,0.2810606956,
0.8691666126,0.2799760699,
0.8708333373,0.2791559994,
0.8725000024,0.2781257331,
0.8741666675,0.2773036659,
0.8758333325,0.2765566707,
0.8774999976,0.2755974829,
0.8791666627,0.2745431662,
0.8808333278,0.2734764218,
0.8825000525,0.2727195323,
0.8841666579,0.2718648612,
0.885833323,0.2709084153,
0.8874999881,0.2698689699,
0.8891666532,0.2690165043,
0.8908333778,0.2683667839,
0.8924999833,0.267557472,
0.8941666484,0.266795516,
0.8958333731,0.2654711008,
0.8974999785,0.2647460103,
0.8991667032,0.2639352977,
0.9008333087,0.2630956173,
0.9024999738,0.2621744573,
0.9041666985,0.2614111006,
0.9058333039,0.260687083,
0.9075000286,0.2597988248,
0.9091666937,0.2588680983,
0.9108332992,0.2578270435,
0.9125000238,0.2571516931,
0.9141666293,0.2562192976,
0.915833354,0.255420953,
0.9175000191,0.2544586658,
0.9191666245,0.2538261712,
0.9208333492,0.2530965507,
0.9225000143,0.2521621883,
0.9241666794,0.2512788177,
0.9258333445,0.250865072,
0.9274999499,0.2497159243,
0.9291666746,0.2489096522,
0.9308333397,0.2484222054,
0.9325000048,0.2476018518,
0.9341666698,0.2465462238,
0.9358333349,0.2457491457,
0.9375,0.2451176643,
0.9391666651,0.244279623,
0.9408333302,0.2436412126,
0.9424999952,0.2428568602,
0.9441666603,0.2423683703,
0.9458333254,0.2412806302,
0.9474999905,0.240250051,
0.9491667151,0.2396810502,
0.9508333206,0.2391495556,
0.9524999857,0.2383137494,
0.9541666508,0.2376132607,
0.9558333158,0.2368633747,
0.9575000405,0.2361506373,
0.959166646,0.235398069,
0.9608333111,0.2345150858,
0.9625000358,0.2337111533,
0.9641666412,0.2329377085,
0.9658333659,0.2322743237,
0.9674999714,0.2316576242,
0.9691666365,0.2309494913,
0.9708333611,0.2302877009,
0.9724999666,0.2293403894,
0.9741666913,0.2288748473,
0.9758333564,0.2277190387,
0.9774999619,0.2272717357,
0.9791666865,0.2265800536,
0.980833292,0.2257994115,
0.9825000167,0.2248112857,
0.9841666818,0.2243273854,
0.9858332872,0.2239425927,
0.9875000119,0.2228952199,
0.989166677,0.222101748,
0.9908333421,0.2216003388,
0.9925000072,0.2208496928,
0.9941666126,0.2199697345,
0.9958333373,0.2192332894,
0.9975000024,0.2187431902,
0.9991666675,0.2182268947,
1.000833392,0.2172997594,
1.002500057,0.2165839076,
1.004166722,0.2159602493,
1.005833387,0.2150257081,
1.007500052,0.2147207409,
1.009166718,0.213640824,
1.010833383,0.213428095,
1.012500048,0.2126518786,
1.014166713,0.2115523517,
1.015833378,0.2109858692,
1.017500043,0.2104336619,
1.019166708,0.2097681761,
1.020833373,0.208883062,
1.022500038,0.2084012628,
1.024166703,0.2078823298,
1.025833368,0.2071736008,
1.027500033,0.2062622309,
1.029166698,0.2053019851,
1.030833364,0.2049575001,
1.032500029,0.2044229358,
1.034166694,0.2036215216,
1.035833359,0.2031309754,
1.037500024,0.2022398561,
1.039166689,0.2017076612,
1.040833473,0.2009657174,
1.042500019,0.2003253996,
1.044166684,0.1996533722,
1.045833349,0.1989979148,
1.047500014,0.1982761621,
1.049166799,0.1975751668,
1.050833344,0.1971541792,
1.05250001,0.1964344382,
1.054166794,0.1957648993,
1.05583334,0.1948079765,
1.057500124,0.1943498552,
1.05916667,0.1934725791,
1.060833335,0.1930689812,
1.062500119,0.1922466755,
1.064166665,0.1921025515,
1.065833449,0.1913597584,
1.067500114,0.1906507611,
1.06916666,0.1900078356,
1.070833325,0.1896177381,
1.07250011,0.1888063401,
1.074166775,0.1882626712,
1.07583344,0.1874767542,
1.077499986,0.1870017201,
1.079166651,0.1862606406,
1.080833435,0.1854252517,
1.0825001,0.1850180477,
1.084166765,0.1844588816,
1.085833311,0.183611691,
1.087499976,0.1830786616,
1.08916676,0.182569325,
1.090833426,0.1819892377,
1.092500091,0.1812165827,
1.094166756,0.1805064827,
1.095833302,0.1802011877,
1.097500086,0.1796196699,
1.099166751,0.1789206266,
1.100833416,0.1783955544,
1.102500081,0.1777453274,
1.104166627,0.1769743413,
1.105833411,0.1766883731,
1.107500076,0.1759347171,
1.109166741,0.1752064973,
1.110833406,0.1748564243,
1.112499952,0.1742140055,
1.114166737,0.1735441685,
1.115833402,0.1728868634,
1.117500067,0.1725219637,
1.119166732,0.1718685031,
1.120833397,0.1714504808,
1.122500062,0.170483008,
1.124166727,0.169985652,
1.125833392,0.1693292856,
1.127500057,0.1688617766,
1.129166722,0.1682149321,
1.130833387,0.167808041,
1.132500052,0.1670847833,
1.134166718,0.1665266007,
1.135833383,0.1658691168,
1.137500048,0.1653656065,
1.139166832,0.1649523973,
1.140833378,0.1642711908,
1.142500043,0.1637571007,
1.144166708,0.1632763445,
1.145833373,0.162761569,
1.147500157,0.1621288508,
1.149166703,0.1616149694,
1.150833368,0.1608794928,
1.152500033,0.1602755785,
1.154166698,0.1598373353,
1.155833483,0.1592053473,
1.157500029,0.1588440388,
1.159166694,0.1581415236,
1.160833359,0.1577665061,
1.162500024,0.156909734,
1.164166808,0.1566833854,
1.165833473,0.1560265422,
1.167500019,0.1554091126,
1.169166684,0.1549154222,
1.170833349,0.1542414129,
1.172500134,0.1537937224,
1.174166799,0.1533911228,
1.175833344,0.1528490335,
1.17750001,0.1522631198,
1.179166675,0.1517306417,
1.180833459,0.1512296349,
1.182500124,0.1508567631,
1.18416667,0.1500127017,
1.185833335,0.1497600675,
1.1875,0.1489968002,
1.189166784,0.1487372965,
1.190833449,0.1478985995,
1.192500114,0.1475000381,
1.19416666,0.1472222656,
1.195833325,0.1465005875,
1.19750011,0.1461026967,
1.199166775,0.1455428898,
1.20083344,0.1450805962,
1.202499986,0.1443464905,
1.204166651,0.1439566165,
1.205833435,0.1433475316,
1.2075001,0.1428406686,
1.209166765,0.1425703466,
1.210833311,0.1421238631,
1.212499976,0.1417561471,
1.21416676,0.1410077363,
1.215833426,0.140900135,
1.217500091,0.1403013915,
1.219166756,0.1398259699,
1.220833302,0.1392321289,
1.222500086,0.1390944719,
1.224166751,0.1383881122,
1.225833416,0.1375154704,
1.227500081,0.1370198131,
1.229166627,0.1367924958,
1.230833411,0.1363047063,
1.232500076,0.1359361112,
1.234166741,0.1353894174,
1.235833406,0.1349391639,
1.237499952,0.1344325244,
1.239166737,0.1341851652,
1.240833402,0.1335515976,
1.242500067,0.1330024451,
1.244166732,0.1328785568,
1.245833397,0.1321760267,
1.247500062,0.1317492425,
1.249166727,0.1312048882,
1.250833392,0.1308398843,
1.252500057,0.1303114146,
1.254166722,0.1300170124,
1.255833387,0.1294302195,
1.257500052,0.129112944,
1.259166718,0.1284867674,
1.260833383,0.1282137185,
1.262500048,0.1277274787,
1.264166832,0.1272593737,
1.265833378,0.126934886,
1.267500043,0.1263508797,
1.269166708,0.1259533018,
1.270833373,0.1256457865,
1.272500157,0.1250051409,
1.274166703,0.1247446015,
1.275833368,0.1242807284,
1.277500033,0.1236593723,
1.279166698,0.1235393211,
1.280833483,0.12301144,
1.282500029,0.122321181,
1.284166694,0.1220333353,
1.285833359,0.1214392856,
1.287500024,0.1211743355,
1.289166808,0.1206994951,
1.290833473,0.1201716363,
1.292500019,0.1198596954,
1.294166684,0.1191927791,
1.295833349,0.1190380007,
1.297500134,0.1186758056,
1.299166799,0.1180430129,
1.300833344,0.1175172552,
1.30250001,0.1170129105,
1.304166675,0.1168361083,
1.305833459,0.1165331528,
1.307500124,0.1159466729,
1.30916667,0.1155835986,
1.310833335,0.1152971759,
1.3125,0.1148763672,
1.314166784,0.1144169122,
1.315833449,0.1140225008,
1.317500114,0.1137856171,
1.31916666,0.1131372601,
1.320833325,0.1128297895,
1.32250011,0.1123961061,
1.324166775,0.111857444,
1.32583344,0.1115851179,
1.327499986,0.1113437042,
1.329166651,0.111075744,
1.330833435,0.1105763167,
1.3325001,0.109946996,
1.334166765,0.1098538786,
1.335833311,0.1095806062,
1.337499976,0.1091742814,
1.33916676,0.10868375,
1.340833426,0.1082925498,
1.342500091,0.1077735126,
1.344166756,0.1074438244,
1.345833302,0.1073592007,
1.347500086,0.1067385972,
1.349166751,0.1064294353,
1.350833416,0.1060473993,
1.352500081,0.1057135314,
1.354166627,0.1052268595,
1.355833411,0.1050525457,
1.357500076,0.1046546847,
1.359166741,0.104420878,
1.360833406,0.1036093161,
1.362499952,0.1034098342,
1.364166737,0.1030404791,
1.365833402,0.1029929966,
1.367500067,0.1024735719,
1.369166732,0.1021758839,
1.370833397,0.101769127,
1.372500062,0.1015465111,
1.374166727,0.1011049598,
1.375833392,0.1007332206,
1.377500057,0.1005752832,
1.379166722,0.09997338802,
1.380833387,0.09974511713,
1.382500052,0.0992141664,
1.384166718,0.09912751615,
1.385833383,0.09876158834,
1.387500048,0.09826865047,
1.389166832,0.09818883985,
1.390833378,0.0978827253,
1.392500043,0.09728930146,
1.394166708,0.09695640951,
1.395833373,0.09663721919,
1.397500157,0.09654484689,
1.399166703,0.09629542381,
1.400833368,0.09564976394,
1.402500033,0.09555824101,
1.404166698,0.09501608461,
1.405833483,0.09490595013,
1.407500029,0.09478466958,
1.409166694,0.09421151131,
1.410833359,0.09403696656,
1.412500024,0.09359022975,
1.414166808,0.09311883897,
1.415833473,0.09277258813,
1.417500019,0.09264267236,
1.419166684,0.09241953492,
1.420833349,0.09188649058,
1.422500134,0.09173928946,
1.424166799,0.09154767543,
1.425833344,0.09096562117,
1.42750001,0.09079237282,
1.429166675,0.090382047,
1.430833459,0.08983977884,
1.432500124,0.08988703042,
1.43416667,0.08933062851,
1.435833335,0.08915980905,
1.4375,0.08869564533,
1.439166784,0.08852416277,
1.440833449,0.08830147237,
1.442500114,0.08798161149,
1.44416666,0.08769479394,
1.445833325,0.08731488883,
1.44750011,0.08725757152,
1.449166775,0.08669880778,
1.45083344,0.08654201031,
1.452499986,0.08601341397,
1.454166651,0.08587512374,
1.455833435,0.08569636196,
1.4575001,0.08533731848,
1.459166765,0.08504485339,
1.460833311,0.08475864679,
1.462499976,0.08429805934,
1.46416676,0.08391244709,
1.465833426,0.08358298987,
1.467500091,0.08328871429,
1.469166756,0.08321236819,
1.470833302,0.08294072002,
1.472500086,0.08263645321,
1.474166751,0.08245576173,
1.475833416,0.08206758648,
1.477500081,0.08198488504,
1.479166627,0.08150093257,
1.480833411,0.08113180101,
1.482500076,0.08097961545,
1.484166741,0.08048528433,
1.485833406,0.08032725751,
1.487499952,0.08013718575,
1.489166737,0.07979717851,
1.490833402,0.07978327572,
1.492500067,0.07940649241,
1.494166732,0.07876927406,
1.495833397,0.07893586159,
1.497500062,0.07844186574,
1.499166727,0.07833455503,
1.500833392,0.0780364722,
1.502500057,0.07777980715,
1.504166722,0.07756374031,
1.505833387,0.07739569247,
1.507500052,0.07713974267,
1.509166718,0.07662178576,
1.510833383,0.07630892098,
1.512500048,0.07608374208,
1.514166832,0.07607788593,
1.515833378,0.0755180046,
1.517500043,0.07538618892,
1.519166708,0.07522332668,
1.520833373,0.07505366206,
1.522500157,0.07465608418,
1.524166703,0.07438749075,
1.525833368,0.0742200911,
1.527500033,0.07386337966,
1.529166698,0.07369657606,
1.530833483,0.07372939587,
1.532500029,0.07333499938,
1.534166694,0.0732383728,
1.535833359,0.07292249054,
1.537500024,0.07272002846,
1.539166808,0.07244308293,
1.540833473,0.07216185331,
1.542500019,0.07194318622,
1.544166684,0.0718652606,
1.545833349,0.07133460045,
1.547500134,0.07101269066,
1.549166799,0.07108000666,
1.550833344,0.07060088962,
1.55250001,0.07040692866,
1.554166675,0.07048279792,
1.555833459,0.07018497586,
1.557500124,0.06994512677,
1.55916667,0.06966186315,
1.560833335,0.06922329217,
1.5625,0.06911886483,
1.564166784,0.06902530044,
1.565833449,0.06853689998,
1.567500114,0.06847455353,
1.56916666,0.06819155067,
1.570833325,0.06823013723,
1.57250011,0.06783794612,
1.574166775,0.06750373542,
1.57583344,0.06730154157,
1.577499986,0.06707645208,
1.579166651,0.06727745384,
1.580833435,0.06689737737,
1.5825001,0.06656184047,
1.584166765,0.06638843566,
1.585833311,0.06628831476,
1.587499976,0.06617943943,
1.58916676,0.06570705026,
1.590833426,0.06580647081,
1.592500091,0.06551273912,
1.594166756,0.06518211961,
1.595833302,0.06514924765,
1.597500086,0.06491417438,
1.599166751,0.06471280009,
1.600833416,0.06444748491,
1.602500081,0.06430091709,
1.604166627,0.06396336108,
1.605833411,0.06396177411,
1.607500076,0.06363368034,
1.609166741,0.06327417493,
1.610833406,0.06330528855,
1.612499952,0.06310525537,
1.614166737,0.06287568808,
1.615833402,0.06267710775,
1.617500067,0.06242053956,
1.619166732,0.06248746067,
1.620833397,0.06205896288,
1.622500062,0.06211221218,
1.624166727,0.06186493114,
1.625833392,0.06146517023,
1.627500057,0.06139891222,
1.629166722,0.06137887388,
1.630833387,0.06091331691,
1.632500052,0.06099918857,
1.634166718,0.06061710045,
1.635833383,0.06049190462,
1.637500048,0.0603139773,
1.639166832,0.0601926446,
1.640833378,0.05996856466,
1.642500043,0.0599504374,
1.644166708,0.05948839337,
1.645833373,0.05951632932,
1.647500157,0.0592330806,
1.649166703,0.05901836231,
1.650833368,0.05881139636,
1.652500033,0.05888547376,
1.654166698,0.05860450119,
1.655833483,0.05836457014,
1.657500029,0.05823472142,
1.659166694,0.05805011466,
1.660833359,0.05785251036,
1.662500024,0.05752740055,
1.664166808,0.05766809359,
1.665833473,0.05736994743,
1.667500019,0.05708891898,
1.669166684,0.05698781461,
1.670833349,0.05689753592,
1.672500134,0.0565087162,
1.674166799,0.05643884838,
1.675833344,0.05631561577,
1.67750001,0.05619386211,
1.679166675,0.05613123253,
1.680833459,0.05583304912,
1.682500124,0.05555189401,
1.68416667,0.05556822196,
1.685833335,0.05540288985,
1.6875,0.05521139503,
1.689166784,0.05468096212,
1.690833449,0.05488273501,
1.692500114,0.05467925593,
1.69416666,0.05444436148,
1.695833325,0.05418677256,
1.69750011,0.0540670231,
1.699166775,0.05413624644,
1.70083344,0.05367419496,
1.702499986,0.05341410637,
1.704166651,0.05377956852,
1.705833435,0.05336566269,
1.7075001,0.0533179827,
1.709166765,0.05312822759,
1.710833311,0.05302292109,
1.712499976,0.05282390863,
1.71416676,0.05255013332,
1.715833426,0.05246258155,
1.717500091,0.05231162533,
1.719166756,0.05227541924,
1.720833302,0.05217989534,
1.722500086,0.05181449279,
1.724166751,0.05161163211,
1.725833416,0.05155572295,
1.727500081,0.05141451955,
1.729166627,0.05123188347,
1.730833411,0.05109887943,
1.732500076,0.05103363097,
1.734166741,0.0508354716,
1.735833406,0.05072754994,
1.737499952,0.05052161962,
1.739166737,0.05054464936,
1.740833402,0.05007850006,
1.742500067,0.05013073608,
1.744166732,0.04984706268,
1.745833397,0.0498027876,
1.747500062,0.04973419383,
1.749166727,0.04954796657,
1.750833392,0.04947561398,
1.752500057,0.04936579615,
1.754166722,0.04901188239,
1.755833387,0.04922109842,
1.757500052,0.0489192754,
1.759166718,0.04874791205,
1.760833383,0.04832329229,
1.762500048,0.04849909246,
1.764166832,0.04847055301,
1.765833378,0.04845868796,
1.767500043,0.04798054695,
1.769166708,0.04783151299,
1.770833373,0.04761221632,
1.772500157,0.04767059907,
1.774166703,0.04749446735,
1.775833368,0.04735241458,
1.777500033,0.04708209261,
1.779166698,0.04696246609,
1.780833483,0.0467861034,
1.782500029,0.04679720476,
1.784166694,0.0468057394,
1.785833359,0.04633232206,
1.787500024,0.04610652849,
1.789166808,0.04621845856,
1.790833473,0.04628604278,
1.792500019,0.04603249952,
1.794166684,0.04592691734,
1.795833349,0.04576452076,
1.797500134,0.04559672251,
1.799166799,0.04556871951,
1.800833344,0.04524037987,
1.80250001,0.04519651458,
1.804166675,0.04511321709,
1.805833459,0.04495339468,
1.807500124,0.04485157505,
1.80916667,0.04455036297,
1.810833335,0.04450410232,
1.8125,0.04441113397,
1.814166784,0.04427816719,
1.815833449,0.04407082871,
1.817500114,0.04397471622,
1.81916666,0.04397099465,
1.820833325,0.04384217039,
1.82250011,0.04380205646,
1.824166775,0.04359875247,
1.82583344,0.0431532003,
1.827499986,0.0431919992,
1.829166651,0.04317430034,
1.830833435,0.04306249321,
1.8325001,0.0429754369,
1.834166765,0.04278731346,
1.835833311,0.04263348505,
1.837499976,0.04284165055,
1.83916676,0.042469576,
1.840833426,0.04236182943,
1.842500091,0.04223770648,
1.844166756,0.04223028943,
1.845833302,0.04221633822,
1.847500086,0.04189322889,
1.849166751,0.04166773707,
1.850833416,0.0418044664,
1.852500081,0.04165409133,
1.854166627,0.04143846035,
1.855833411,0.04123748466,
1.857500076,0.04113255069,
1.859166741,0.04111590236,
1.860833406,0.04087539762,
1.862499952,0.04087880999,
1.864166737,0.04067050293,
1.865833402,0.04053865001,
1.867500067,0.04049451649,
1.869166732,0.04039203376,
1.870833397,0.04020823911,
1.872500062,0.04026352987,
1.874166727,0.04001461342,
1.875833392,0.03984527662,
1.877500057,0.04010193422,
1.879166722,0.03981216624,
1.880833387,0.03947743028,
1.882500052,0.03962646052,
1.884166718,0.039414756,
1.885833383,0.03942739591,
1.887500048,0.03934505954,
1.889166832,0.0392093882,
1.890833378,0.03910516575,
1.892500043,0.03912286833,
1.894166708,0.03912895918,
1.895833373,0.03894813359,
1.897500157,0.03889431059,
1.899166703,0.03886413202,
1.900833368,0.03864396736,
1.902500033,0.03903027996,
1.904166698,0.0386338681,
1.905833483,0.0385273546,
1.907500029,0.03852008283,
1.909166694,0.03848399222,
1.910833359,0.03822882846,
1.912500024,0.03825622052,
1.914166808,0.03816576675,
1.915833473,0.03818526864,
1.917500019,0.0379370302,
1.919166684,0.03785921261,
1.920833349,0.03773498535,
1.922500134,0.03755363449,
1.924166799,0.03758471087,
1.925833344,0.03753941134,
1.92750001,0.03737732768,
1.929166675,0.03733681887,
1.930833459,0.03736734018,
1.932500124,0.03694304451,
1.93416667,0.03686723486,
1.935833335,0.03686210886,
1.9375,0.03687932342,
1.939166784,0.03673112392,
1.940833449,0.03657145426,
1.942500114,0.03662414476,
1.94416666,0.03641521931,
1.945833325,0.03643295541,
1.94750011,0.0361337252,
1.949166775,0.03600760177,
1.95083344,0.03599241376,
1.952499986,0.03589267656,
1.954166651,0.03573365137,
1.955833435,0.03563113138,
1.9575001,0.03550709039,
1.959166765,0.0354632698,
1.960833311,0.03530746326,
1.962499976,0.03499172628,
1.96416676,0.03530156985,
1.965833426,0.03482955322,
1.967500091,0.03474965319,
1.969166756,0.03457896411,
1.970833302,0.03464896604,
1.972500086,0.03448493034,
1.974166751,0.03424238414,
1.975833416,0.03417342901,
1.977500081,0.0341607146,
1.979166627,0.03396117315,
1.980833411,0.03396671638,
1.982500076,0.0337545611,
1.984166741,0.03374222293,
1.985833406,0.03349917009,
1.987499952,0.03341067955,
1.989166737,0.03336346522,
1.990833402,0.03322374821,
1.992500067,0.03322223946,
1.994166732,0.03318119422,
1.995833397,0.03285560384,
1.997500062,0.03293725103,
1.999166727,0.03284086287,
2.000833273,0.03274444118,
2.002499819,0.03272297606,
2.004166603,0.03241861984,
2.005833387,0.03224563971,
2.007499933,0.03252512589,
2.009166718,0.03223844618,
2.010833263,0.0321877636,
2.012499809,0.03208301216,
2.014166594,0.03216278553,
2.015833378,0.03192924708,
2.017499924,0.03167943656,
2.01916647,0.03170733899,
2.020833254,0.03155846894,
2.022500038,0.03134609386,
2.024166584,0.0314710699,
2.025833368,0.03172201291,
2.027499914,0.03138301894,
2.02916646,0.03129031137,
2.030833244,0.03121604025,
2.032500029,0.03095332347,
2.034166574,0.03103717044,
2.035833359,0.03075041436,
2.037499905,0.03091393411,
2.039166689,0.03086373769,
2.040833235,0.03061092831,
2.042500019,0.03052249737,
2.044166565,0.03072613105,
2.045833111,0.03038369305,
2.047499895,0.03021451831,
2.049166679,0.03027715534,
2.050833225,0.03033203073,
2.05250001,0.02999553457,
2.054166555,0.03009592555,
2.05583334,0.0298361592,
2.057499886,0.02982027084,
2.05916667,0.02975717187,
2.060833216,0.02958333492,
2.0625,0.02950708196,
2.064166546,0.02944303118,
2.06583333,0.0294429753,
2.067499876,0.02928233519,
2.06916666,0.02928770706,
2.070833206,0.02935962938,
2.07249999,0.02910082787,
2.074166536,0.0290556848,
2.075833321,0.02902344055,
2.077499866,0.02883531898,
2.079166651,0.02892315947,
2.080833435,0.02881493233,
2.082499981,0.0285643898,
2.084166527,0.02873314358,
2.085833311,0.02866077423,
2.087499857,0.02836469375,
2.089166641,0.02833703533,
2.090833187,0.02853326127,
2.092499971,0.02806053311,
2.094166517,0.02827790752,
2.095833302,0.02830128185,
2.097500086,0.02812556922,
2.099166632,0.02813990228,
2.100833178,0.02789148688,
2.102499962,0.02783763781,
2.104166508,0.02788160555,
2.105833292,0.02788207494,
2.107500076,0.02750805765,
2.109166622,0.02755033784,
2.110833168,0.02756868117,
2.112499952,0.02735270746,
2.114166737,0.02730432712,
2.115833282,0.02702341415,
2.117499828,0.02707405016,
2.119166613,0.0272463616,
2.120833158,0.02721882798,
2.122499943,0.02708655782,
2.124166727,0.02702289075,
2.125833273,0.02676633,
2.127499819,0.02660813555,
2.129166603,0.02661209926,
2.130833387,0.02670791373,
2.132499933,0.02667347714,
2.134166718,0.02650205418,
2.135833263,0.02650026418,
2.137499809,0.02641046606,
2.139166594,0.0264797397,
2.140833139,0.02614109963,
2.142499924,0.02604147978,
2.144166708,0.02607886121,
2.145833254,0.0261185281,
2.147500038,0.0259509515,
2.149166584,0.02592998557,
2.150833368,0.02581283264,
2.152500153,0.02585981041,
2.15416646,0.02559254132,
2.155833244,0.02553622983,
2.15749979,0.02563389391,
2.159166574,0.02555179596,
2.160833359,0.02529440261,
2.162499905,0.02535024472,
2.164166689,0.02535383962,
2.165833235,0.02526562102,
2.167500019,0.02525920048,
2.169166803,0.02511181124,
2.170833111,0.02499276772,
2.172499895,0.02508224547,
2.174166441,0.02481926605,
2.175833225,0.02499194443,
2.17750001,0.02487841621,
2.179166555,0.02473493852,
2.18083334,0.02448402531,
2.182499886,0.0246181339,
2.18416667,0.02455101907,
2.185833454,0.02455652505,
2.1875,0.02441608347,
2.189166546,0.02432468906,
2.190833092,0.02427513897,
2.192499876,0.02428704686,
2.19416666,0.02406681702,
2.195833206,0.02405740507,
2.19749999,0.02423730865,
2.199166536,0.0241074767,
2.200833321,0.02394223213,
2.202500105,0.02371750399,
2.204166651,0.0239066761,
2.205833435,0.02359014936,
2.207499743,0.02365369909,
2.209166527,0.02374019474,
2.210833311,0.02354429103,
2.212499857,0.02350778133,
2.214166641,0.02331132628,
2.215833187,0.02344417199,
2.217499971,0.02338242903,
2.219166756,0.02331244759,
2.220833302,0.02316577174,
2.222500086,0.02321697026,
2.224166393,0.02313136868,
2.225833178,0.023243431,
2.227499962,0.02294725552,
2.229166508,0.02308626845,
2.230833292,0.02293991484,
2.232499838,0.02285949886,
2.234166622,0.02282261103,
2.235833406,0.02296603099,
2.237499952,0.02280367725,
2.239166737,0.02264018171,
2.240833282,0.0225343015,
2.242499828,0.02259180509,
2.244166613,0.02241249941,
2.245833158,0.02248269133,
2.247499943,0.02237897553,
2.249166489,0.02235488221,
2.250833273,0.02233727649,
2.252500057,0.02238529921,
2.254166603,0.0221250616,
2.255833387,0.02226283029,
2.257499933,0.02206682973,
2.259166718,0.02206955291,
2.260833263,0.02182779647,
2.262499809,0.02205759659,
2.264166594,0.0218816679,
2.265833139,0.0218383316,
2.267499924,0.02159991302,
2.269166708,0.02175308391,
2.270833254,0.02162306756,
2.272500038,0.02158364467,
2.274166584,0.02159599587,
2.275833368,0.02143567614,
2.277500153,0.02150772326,
2.27916646,0.02144288272,
2.280833244,0.02120851539,
2.28249979,0.0214010831,
2.284166574,0.02129882015,
2.285833359,0.02123599686,
2.287499905,0.02080940269,
2.289166689,0.02117105946,
2.290833235,0.02116097696,
2.292500019,0.02111447603,
2.294166803,0.02095387131,
2.295833111,0.02078246325,
2.297499895,0.0208785478,
2.299166441,0.02082050964,
2.300833225,0.02072134241,
2.30250001,0.02081820183,
2.304166555,0.02068539709,
2.30583334,0.02051781304,
2.307499886,0.02041711286,
2.30916667,0.02039996721,
2.310833454,0.02033968642,
2.3125,0.02051534317,
2.314166546,0.02044714987,
2.315833092,0.02031847276,
2.317499876,0.02037090994,
2.31916666,0.02017247863,
2.320833206,0.02018598281,
2.32249999,0.02018869482,
2.324166536,0.02008034661,
2.325833321,0.02015767433,
2.327500105,0.02010114118,
2.329166651,0.02005258575,
2.330833435,0.01999682561,
2.332499743,0.02000183985,
2.334166527,0.01976851933,
2.335833311,0.01989158615,
2.337499857,0.0199351646,
2.339166641,0.0197942853,
2.340833187,0.0197357405,
2.342499971,0.01957967877,
2.344166756,0.01962785609,
2.345833302,0.01961640082,
2.347500086,0.01953261718,
2.349166393,0.01946969517,
2.350833178,0.01951398887,
2.352499962,0.01940459013,
2.354166508,0.01945469715,
2.355833292,0.01931069791,
2.357499838,0.01929448731,
2.359166622,0.01927310973,
2.360833406,0.01905240491,
2.362499952,0.01900147833,
2.364166737,0.01899057999,
2.365833282,0.01894596219,
2.367499828,0.01924088225,
2.369166613,0.01916723512,
2.370833158,0.01894482598,
2.372499943,0.01904426329,
2.374166489,0.01884414069,
2.375833273,0.01914894581,
2.377500057,0.0188174583,
2.379166603,0.01860479452,
2.380833387,0.0187167488,
2.382499933,0.01874309964,
2.384166718,0.0188749861,
2.385833263,0.0184413325,
2.387499809,0.01849116758,
2.389166594,0.01827663742,
2.390833139,0.01853295602,
2.392499924,0.01822151057,
2.394166708,0.01854303293,
2.395833254,0.01834754087,
2.397500038,0.01826146431,
2.399166584,0.01828028262,
2.400833368,0.01813802123,
2.402500153,0.01812053286,
2.40416646,0.01826759242,
2.405833244,0.0182091184,
2.40749979,0.01800935343,
2.409166574,0.01795196533,
2.410833359,0.01789143123,
2.412499905,0.01784430817,
2.414166689,0.01776420884,
2.415833235,0.0178380236,
2.417500019,0.01783468015,
2.419166803,0.01777825877,
2.420833111,0.01784277149,
2.422499895,0.01775549911,
2.424166441,0.01782270521,
2.425833225,0.0178596545,
2.42750001,0.01761300676,
2.429166555,0.01757882535,
2.43083334,0.01735914126,
2.432499886,0.01751211658,
2.43416667,0.01752731763,
2.435833454,0.01753203385,
2.4375,0.01748713292,
2.439166546,0.01752057858,
2.440833092,0.01719286293,
2.442499876,0.01725537516,
2.44416666,0.01709645987,
2.445833206,0.01715203747,
2.44749999,0.01720463298,
2.449166536,0.01698847674,
2.450833321,0.01704953238,
2.452500105,0.01695348322,
2.454166651,0.01700847782,
2.455833435,0.01699456014,
2.457499743,0.01697856933,
2.459166527,0.01698371209,
2.460833311,0.0167736914,
2.462499857,0.01678281277,
2.464166641,0.01664905809,
2.465833187,0.01678445376,
2.467499971,0.01660338789,
2.469166756,0.01652440429,
2.470833302,0.01655438729,
2.472500086,0.01654833741,
2.474166393,0.01649646647,
2.475833178,0.0163750574,
2.477499962,0.01641755737,
2.479166508,0.01613991521,
2.480833292,0.01625483669,
2.482499838,0.0163013842,
2.484166622,0.01611592434,
2.485833406,0.01619416103,
2.487499952,0.01613865234,
2.489166737,0.0160440132,
2.490833282,0.01590457931,
2.492499828,0.01596333273,
2.494166613,0.01605647802,
2.495833158,0.01601868495,
2.497499943,0.01603909768,
2.499166489,0.01626031846,
2.500833273,0.01578467526,
2.502500057,0.01567811891,
2.504166603,0.01564057358,
2.505833387,0.01553904172,
2.507499933,0.01577332057,
2.509166718,0.0155214956,
2.510833263,0.01550365519,
2.512499809,0.01554835122,
2.514166594,0.01533671748,
2.515833139,0.0152493054,
2.517499924,0.0155719351,
2.519166708,0.01543844491,
2.520833254,0.01541628968,
2.522500038,0.01533819269,
2.524166584,0.01502149738,
2.525833368,0.01538936142,
2.527500153,0.01513647195,
2.52916646,0.01518182643,
2.530833244,0.01519847382,
2.53249979,0.01504781283,
2.534166574,0.0150363436,
2.535833359,0.01497259643,
2.537499905,0.01486618351,
2.539166689,0.01507940982,
2.540833235,0.0148418881,
2.542500019,0.01495078579,
2.544166803,0.01483687852,
2.545833111,0.01484681666,
2.547499895,0.01480937097,
2.549166441,0.01458886173,
2.550833225,0.01458618417,
2.55250001,0.01465565898,
2.554166555,0.01486937143,
2.55583334,0.01441815402,
2.557499886,0.01466655638,
2.55916667,0.01458337344,
2.560833454,0.01449643355,
2.5625,0.01446268428,
2.564166546,0.01446608361,
2.565833092,0.01472642925,
2.567499876,0.01432570908,
2.56916666,0.01437611692,
2.570833206,0.01442757342,
2.57249999,0.01428595465,
2.574166536,0.01422194205,
2.575833321,0.01432150882,
2.577500105,0.01451217104,
2.579166651,0.0142469788,
2.580833435,0.01411336008,
2.582499743,0.01411595382,
2.584166527,0.0140848821,
2.585833311,0.01410162076,
2.587499857,0.01393554173,
2.589166641,0.01413699985,
2.590833187,0.01400873531,
2.592499971,0.01407792978,
2.594166756,0.01395382546,
2.595833302,0.01394342724,
2.597500086,0.01408485509,
2.599166393,0.01371959038,
2.600833178,0.0137152886,
2.602499962,0.01396286115,
2.604166508,0.01385445055,
2.605833292,0.01373909414,
2.607499838,0.01364113018,
2.609166622,0.01378756296,
2.610833406,0.01363845915,
2.612499952,0.0136149535,
2.614166737,0.01401619427,
2.615833282,0.01359820645,
2.617499828,0.01357293967,
2.619166613,0.01333543938,
2.620833158,0.01351880655,
2.622499943,0.0135353636,
2.624166489,0.01347463951,
2.625833273,0.01359489467,
2.627500057,0.01329054404,
2.629166603,0.01338349003,
2.630833387,0.0133200381,
2.632499933,0.01340207085,
2.634166718,0.01321397629,
2.635833263,0.01327759959,
2.637499809,0.01319180056,
2.639166594,0.01308126189,
2.640833139,0.01314008981,
2.642499924,0.01342609897,
2.644166708,0.01328774169,
2.645833254,0.01324954908,
2.647500038,0.01303441823,
2.649166584,0.01327009965,
2.650833368,0.01314710639,
2.652500153,0.01302086748,
2.65416646,0.0130486628,
2.655833244,0.01281691436,
2.65749979,0.01310660597,
2.659166574,0.01297507156,
2.660833359,0.01280403696,
2.662499905,0.01280193124,
2.664166689,0.01292202622,
2.665833235,0.01268962491,
2.667500019,0.01275149267,
2.669166803,0.01265761536,
2.670833111,0.01292434614,
2.672499895,0.01265942771,
2.674166441,0.01268525422,
2.675833225,0.01244325656,
2.67750001,0.01271553338,
2.679166555,0.01256080158,
2.68083334,0.01249171514,
2.682499886,0.01268328167,
2.68416667,0.01257356443,
2.685833454,0.01265652291,
2.6875,0.01236598566,
2.689166546,0.01238556206,
2.690833092,0.01251579914,
2.692499876,0.01211833674,
2.69416666,0.01236092579,
2.695833206,0.01235722378,
2.69749999,0.01234068442,
2.699166536,0.01214679331,
2.700833321,0.0121130934,
2.702500105,0.01235429384,
2.704166651,0.01228231099,
2.705833435,0.01204586122,
2.707499743,0.01211889647,
2.709166527,0.01210753061,
2.710833311,0.01228798274,
2.712499857,0.01204309333,
2.714166641,0.01210329775,
2.715833187,0.01213915367,
2.717499971,0.01228619926,
2.719166756,0.01207694784,
2.720833302,0.01177759469,
2.722500086,0.01207183674,
2.724166393,0.01201557554,
2.725833178,0.01192712598,
2.727499962,0.01194782648,
2.729166508,0.01189812552,
2.730833292,0.01187766623,
2.732499838,0.01195575576,
2.734166622,0.01184518449,
2.735833406,0.01190405805,
2.737499952,0.0119176805,
2.739166737,0.01182456873,
2.740833282,0.01177153084,
2.742499828,0.01182260085,
2.744166613,0.01191174705,
2.745833158,0.01143100765,
2.747499943,0.01153581031,
2.749166489,0.01152169518,
2.750833273,0.01163630467,
2.752500057,0.0117169302,
2.754166603,0.0116519127,
2.755833387,0.01147159096,
2.757499933,0.01186675951,
2.759166718,0.01154455636,
2.760833263,0.01142157242,
2.762499809,0.01144041587,
2.764166594,0.01147975121,
2.765833139,0.01136507653,
2.767499924,0.01148243528,
2.769166708,0.01150032412,
2.770833254,0.01156122424,
2.772500038,0.01129955426,
2.774166584,0.01130693965,
2.775833368,0.01118330657,
2.777500153,0.01125300862,
2.77916646,0.01113539282,
2.780833244,0.01131347567,
2.78249979,0.01125279628,
2.784166574,0.01127513871,
2.785833359,0.0112997666,
2.787499905,0.01117387787,
2.789166689,0.01116633415,
2.790833235,0.01105235331,
2.792500019,0.01112028118,
2.794166803,0.0110442806,
2.795833111,0.0111378096,
2.797499895,0.01083533466,
2.799166441,0.01100580767,
2.800833225,0.01094474643,
2.80250001,0.01109282207,
2.804166555,0.01096340921,
2.80583334,0.01104765292,
2.807499886,0.01067575347,
2.80916667,0.01103769615,
2.810833454,0.01088114548,
2.8125,0.01100681722,
2.814166546,0.01076514274,
2.815833092,0.01082689501,
2.817499876,0.01091538649,
2.81916666,0.01082355157,
2.820833206,0.01073006354,
2.82249999,0.0108864801,
2.824166536,0.01077416446,
2.825833321,0.01093800366,
2.827500105,0.01071154419,
2.829166651,0.01065092161,
2.830833435,0.01061659493,
2.832499743,0.0106519293,
2.834166527,0.01061391551,
2.835833311,0.0105590364,
2.837499857,0.01060128957,
2.839166641,0.01064259186,
2.840833187,0.01038606092,
2.842499971,0.01063097268,
2.844166756,0.01053696964,
2.845833302,0.01055797469,
2.847500086,0.01041413844,
2.849166393,0.01040143799,
2.850833178,0.01072438527,
2.852499962,0.01039815042,
2.854166508,0.01041673683,
2.855833292,0.01056317333,
2.857499838,0.01028028876,
2.859166622,0.01045942679,
2.860833406,0.01023162622,
2.862499952,0.01037362684,
2.864166737,0.01026817597,
2.865833282,0.01046096534,
2.867499828,0.01020785421,
2.869166613,0.01026170794,
2.870833158,0.01046266221,
2.872499943,0.01028039493,
2.874166489,0.01010435075,
2.875833273,0.01015517209,
2.877500057,0.01018898468,
2.879166603,0.01009097137,
2.880833387,0.009869533591,
2.882499933,0.01023793407,
2.884166718,0.01027331781,
2.885833263,0.0102612311,
2.887499809,0.01016974635,
2.889166594,0.01002277993,
2.890833139,0.01016956102,
2.892499924,0.01002685912,
2.894166708,0.01008877158,
2.895833254,0.0101371007,
2.897500038,0.01008691732,
2.899166584,0.009860503487,
2.900833368,0.009835639037,
2.902500153,0.009767937474,
2.90416646,0.009936244227,
2.905833244,0.009904198349,
2.90749979,0.01001064666,
2.909166574,0.009942255914,
2.910833359,0.009990329854,
2.912499905,0.009750967845,
2.914166689,0.009617428295,
2.915833235,0.009896386415,
2.917500019,0.009825921617,
2.919166803,0.00979774911,
2.920833111,0.009596732445,
2.922499895,0.009728942066,
2.924166441,0.00977029372,
2.925833225,0.009751127101,
2.92750001,0.009621027857,
2.929166555,0.009527269751,
2.93083334,0.009577652439,
2.932499886,0.009698499925,
2.93416667,0.009691141546,
2.935833454,0.00958027225,
2.9375,0.009656202048,
2.939166546,0.009732780978,
2.940833092,0.009532667696,
2.942499876,0.009701968171,
2.94416666,0.009778448381,
2.945833206,0.009725023992,
2.94749999,0.009403083473,
2.949166536,0.00952562876,
2.950833321,0.009632434696,
2.952500105,0.009637462907,
2.954166651,0.009475569241,
2.955833435,0.00943030417,
2.957499743,0.009516050108,
2.959166527,0.009414616972,
2.960833311,0.009438028559,
2.962499857,0.009427129291,
2.964166641,0.00960763637,
2.965833187,0.009592101909,
2.967499971,0.009516103193,
2.969166756,0.009529730305,
2.970833302,0.009592869319,
2.972500086,0.009471230209,
2.974166393,0.009572518989,
2.975833178,0.009603719227,
2.977499962,0.009614702314,
2.979166508,0.009574688971,
2.980833292,0.009643048048,
2.982499838,0.009694105946,
2.984166622,0.009821711108,
2.985833406,0.009654878639,
2.987499952,0.009626109153,
2.989166737,0.009631190449,
2.990833282,0.009798517451,
2.992499828,0.009676212445,
2.994166613,0.009616422467,
2.995833158,0.009631349705,
2.997499943,0.00978186354,
2.999166489,0.009481548332,
3.000833273,0.009582336061,
3.002500057,0.009658399038,
3.004166603,0.009677086025,
3.005833387,0.009576938115,
3.007499933,0.0096560698,
3.009166718,0.009492607787,
3.010833263,0.00966430176,
3.012499809,0.009649691172,
3.014166594,0.009424007498,
3.015833139,0.009554418735,
3.017499924,0.009775959887,
3.019166708,0.009629391134,
3.020833254,0.009650168009,
3.022500038,0.009656361304,
3.024166584,0.009347113781,
3.025833368,0.009551057592,
3.027500153,0.009386550635,
3.02916646,0.009537562728,
3.030833244,0.009562383406,
3.03249979,0.009293477982,
3.034166574,0.009288215078,
3.035833359,0.00929977186,
3.037499905,0.009461653419,
3.039166689,0.00936012622,
3.040833235,0.009473267943,
3.042500019,0.00929913763,
3.044166803,0.009279911406,
3.045833111,0.009337380528,
3.047499895,0.009193602949,
3.049166441,0.009171526879,
3.050833225,0.009111145511,
3.05250001,0.008866428398,
3.054166555,0.009059547447,
3.05583334,0.009096500464,
3.057499886,0.009215707891,
3.05916667,0.00928527955,
3.060833454,0.009054525755,
3.0625,0.008883681148,
3.064166546,0.00862565171,
3.065833092,0.00879121758,
3.067499876,0.008807278238,
3.06916666,0.008623618633,
3.070833206,0.008516902104,
3.07249999,0.008377592079,
3.074166536,0.008537493646,
3.075833321,0.008231837302,
3.077500105,0.008622667752,
3.079166651,0.008415199816,
3.080833435,0.008551934734,
3.082499743,0.00837893784,
3.084166527,0.008587075397,
3.085833311,0.008398414589,
3.087499857,0.008265026845,
3.089166641,0.008361204527,
3.090833187,0.008349356242,
3.092499971,0.008390972391,
3.094166756,0.008335739374,
3.095833302,0.008331702091,
3.097500086,0.008364476264,
3.099166393,0.008207303472,
3.100833178,0.008197939023,
3.102499962,0.008394852281,
3.104166508,0.008377645165,
3.105833292,0.00856492389,
3.107499838,0.008210864849,
3.109166622,0.008414883167,
3.110833406,0.008276292123,
3.112499952,0.0082021337,
3.114166737,0.008288824931,
3.115833282,0.008458776399,
3.117499828,0.008354501799,
3.119166613,0.008600751869,
3.120833158,0.008061711676,
3.122499943,0.00856471248,
3.124166489,0.008163489401,
3.125833273,0.008315316401,
3.127500057,0.008227168582,
3.129166603,0.008404748514,
3.130833387,0.008414355107,
3.132499933,0.00833537057,
3.134166718,0.008309854195,
3.135833263,0.008182955906,
3.137499809,0.008297584951,
3.139166594,0.008376562968,
3.140833139,0.008186517283,
3.142499924,0.008115406148,
3.144166708,0.00830708351,
3.145833254,0.008310091682,
3.147500038,0.008361626416,
3.149166584,0.008035552688,
3.150833368,0.007894130424,
3.152500153,0.008165018633,
3.15416646,0.008175727911,
3.155833244,0.008105384186,
3.15749979,0.008193375543,
3.159166574,0.00829769019,
3.160833359,0.007956741378,
3.162499905,0.008295447566,
3.164166689,0.008279537782,
3.165833235,0.008138431236,
3.167500019,0.008162170649,
3.169166803,0.008105885237,
3.170833111,0.008224741556,
3.172499895,0.008133973926,
3.174166441,0.007891519926,
3.175833225,0.008094966412,
3.17750001,0.007928479463,
3.179166555,0.008067619056,
3.18083334,0.007945431396,
3.182499886,0.007703846786,
3.18416667,0.007900509052,
3.185833454,0.007758419495,
3.1875,0.008066985756,
3.189166546,0.007848317735,
3.190833092,0.007904332131,
3.192499876,0.007761397399,
3.19416666,0.007592877839,
3.195833206,0.007860758342,
3.19749999,0.007942741737,
3.199166536,0.007797185797,
3.200833321,0.007653390989,
3.202500105,0.007579153404,
3.204166651,0.007835507393,
3.205833435,0.007788831368,
3.207499743,0.00757441204,
3.209166527,0.007712357678,
3.210833311,0.00769272726,
3.212499857,0.007585449144,
3.214166641,0.007523918524,
3.215833187,0.007605548948,
3.217499971,0.007575413212,
3.219166756,0.007677919697,
3.220833302,0.007660899777,
3.222500086,0.007504481357,
3.224166393,0.007669857703,
3.225833178,0.007569986861,
3.227499962,0.007653390989,
3.229166508,0.007657026406,
3.230833292,0.007650123909,
3.232499838,0.007633868605,
3.234166622,0.007562506013,
3.235833406,0.00757096149,
3.237499952,0.007639532909,
3.239166737,0.007585186046,
3.240833282,0.00746039534,
3.242499828,0.007382899523,
3.244166613,0.007600833196,
3.245833158,0.007465583272,
3.247499943,0.007492735051,
3.249166489,0.007540037856,
3.250833273,0.007677630056,
3.252500057,0.007425819524,
3.254166603,0.007464371622,
3.255833387,0.007390377577,
3.257499933,0.007399830036,
3.259166718,0.007303943858,
3.260833263,0.007276277058,
3.262499809,0.007168391254,
3.264166594,0.007204499561,
3.265833139,0.007430769969,
3.267499924,0.007297599688,
3.269166708,0.007113366388,
3.270833254,0.007122365758,
3.272500038,0.007236609701,

T2,
T2
Collection Time: 2/19/2025 3:49:37 PM
Operator Name  :
Kinetics Version 5.0.0.999
Parameter List :
Instrument  Cary 60
Instrument version  0.00
Wavelength (nm)  663.0
Ordinate mode  Abs
Ave Time (sec)  0.1000
Cycle Time(min)  0.00
Stop Time(min)  10.00
Method Log     :
Method Name    :
Date/Time stamp: 2/19/2025 3:30:43 PM
Method Modifications:
Read WL1 Changed: 2/19/2025 3:34:26 PM, Old:  500.0, New:  663.0
Stop Time 1 Changed: 2/19/2025 3:34:26 PM, Old:     1.00, New:    10.00
Saved as C:\Users\chemlab\Desktop\JDG_MB\SetA_T2.BKN
End Method Modifications

